audio,start_s,end_s,kind,on,units
ab123_example/audio/synthetic_00007.wav,0.0,0.0383125,dot,True,0.9229341077414577
ab123_example/audio/synthetic_00007.wav,0.0383125,0.0863125,gap1,False,1.1563024384101785
ab123_example/audio/synthetic_00007.wav,0.0863125,0.2043125,dash,True,2.842576827758356
ab123_example/audio/synthetic_00007.wav,0.2043125,0.3353125,gap3,False,3.155742071494446
ab123_example/audio/synthetic_00007.wav,0.3353125,0.3703125,dot,True,0.8431371946740885
ab123_example/audio/synthetic_00007.wav,0.3703125,0.4183125,gap1,False,1.1563024384101785
ab123_example/audio/synthetic_00007.wav,0.4183125,0.5363125,dash,True,2.842576827758356
ab123_example/audio/synthetic_00007.wav,0.5363125,0.5843125,gap1,False,1.1563024384101785
ab123_example/audio/synthetic_00007.wav,0.5843125,0.6193125,dot,True,0.8431371946740885
ab123_example/audio/synthetic_00007.wav,0.6193125,0.6673125,gap1,False,1.1563024384101785
ab123_example/audio/synthetic_00007.wav,0.6673125,0.7023125,dot,True,0.8431371946740885
ab123_example/audio/synthetic_00007.wav,0.7023125,0.8333125,gap3,False,3.155742071494446
ab123_example/audio/synthetic_00007.wav,0.8333125,0.8683125,dot,True,0.8431371946740885
ab123_example/audio/synthetic_00007.wav,0.8683125,0.9163125,gap1,False,1.1563024384101785
ab123_example/audio/synthetic_00007.wav,0.9163125,1.0343125,dash,True,2.842576827758356
ab123_example/audio/synthetic_00007.wav,1.0343125,1.0823125,gap1,False,1.1563024384101785
ab123_example/audio/synthetic_00007.wav,1.0823125,1.2003125,dash,True,2.842576827758356
ab123_example/audio/synthetic_00007.wav,1.2003125,1.2483125,gap1,False,1.1563024384101785
ab123_example/audio/synthetic_00007.wav,1.2483125,1.2833125,dot,True,0.8431371946740885
ab123_example/audio/synthetic_00007.wav,1.2833125,1.4143125,gap3,False,3.155742071494446
ab123_example/audio/synthetic_00007.wav,1.4143125,1.4493125,dot,True,0.8431371946740885
ab123_example/audio/synthetic_00007.wav,1.4493125,1.4973125,gap1,False,1.1563024384101785
ab123_example/audio/synthetic_00007.wav,1.4973125,1.5323125,dot,True,0.8431371946740885
ab123_example/audio/synthetic_00007.wav,1.5323125,1.5803125,gap1,False,1.1563024384101785
ab123_example/audio/synthetic_00007.wav,1.5803125,1.6153125,dot,True,0.8431371946740885
ab123_example/audio/synthetic_00007.wav,1.6153125,1.6633125,gap1,False,1.1563024384101785
ab123_example/audio/synthetic_00007.wav,1.6633125,1.6983125,dot,True,0.8431371946740885
ab123_example/audio/synthetic_00007.wav,1.6983125,1.8293125,gap3,False,3.155742071494446
ab123_example/audio/synthetic_00007.wav,1.8293125,1.8643125,dot,True,0.8431371946740885
ab123_example/audio/synthetic_00007.wav,1.8643125,1.9123125,gap1,False,1.1563024384101785
ab123_example/audio/synthetic_00007.wav,1.9123125,2.0303125,dash,True,2.842576827758356
ab123_example/audio/synthetic_00007.wav,2.0303125,2.3273125,gap7,False,7.15462133766298
ab123_example/audio/synthetic_00007.wav,2.3273125,2.4453125,dash,True,2.842576827758356
ab123_example/audio/synthetic_00007.wav,2.4453125,2.4933125,gap1,False,1.1563024384101785
ab123_example/audio/synthetic_00007.wav,2.4933125,2.5283125,dot,True,0.8431371946740885
ab123_example/audio/synthetic_00007.wav,2.5283125,2.5763125,gap1,False,1.1563024384101785
ab123_example/audio/synthetic_00007.wav,2.5763125,2.6113125,dot,True,0.8431371946740885
ab123_example/audio/synthetic_00007.wav,2.6113125,2.6593125,gap1,False,1.1563024384101785
ab123_example/audio/synthetic_00007.wav,2.6593125,2.6943125,dot,True,0.8431371946740885
ab123_example/audio/synthetic_00007.wav,2.6943125,2.8253125,gap3,False,3.155742071494446
ab123_example/audio/synthetic_00007.wav,2.8253125,2.8603125,dot,True,0.8431371946740885
ab123_example/audio/synthetic_00007.wav,2.8603125,2.9083125,gap1,False,1.1563024384101785
ab123_example/audio/synthetic_00007.wav,2.9083125,3.0263125,dash,True,2.842576827758356
ab123_example/audio/synthetic_00007.wav,3.0263125,3.0743125,gap1,False,1.1563024384101785
ab123_example/audio/synthetic_00007.wav,3.0743125,3.1093125,dot,True,0.8431371946740885
ab123_example/audio/synthetic_00007.wav,3.1093125,3.2403125,gap3,False,3.155742071494446
ab123_example/audio/synthetic_00007.wav,3.2403125,3.2753125,dot,True,0.8431371946740885
ab123_example/audio/synthetic_00007.wav,3.2753125,3.3233125,gap1,False,1.1563024384101785
ab123_example/audio/synthetic_00007.wav,3.3233125,3.4413125,dash,True,2.842576827758356
ab123_example/audio/synthetic_00007.wav,3.4413125,3.5723125,gap3,False,3.155742071494446
ab123_example/audio/synthetic_00007.wav,3.5723125,3.6073125,dot,True,0.8431371946740885
ab123_example/audio/synthetic_00007.wav,3.6073125,3.6553125,gap1,False,1.1563024384101785
ab123_example/audio/synthetic_00007.wav,3.6553125,3.6903125,dot,True,0.8431371946740885
ab123_example/audio/synthetic_00007.wav,3.6903125,3.7383125,gap1,False,1.1563024384101785
ab123_example/audio/synthetic_00007.wav,3.7383125,3.7733125,dot,True,0.8431371946740885
ab123_example/audio/synthetic_00007.wav,3.7733125,3.8213125,gap1,False,1.1563024384101785
ab123_example/audio/synthetic_00007.wav,3.8213125,3.9393125,dash,True,2.842576827758356
ab123_example/audio/synthetic_00007.wav,3.9393125,4.0703125,gap3,False,3.155742071494446
ab123_example/audio/synthetic_00007.wav,4.0703125,4.1883125,dash,True,2.842576827758356
ab123_example/audio/synthetic_00007.wav,4.1883125,4.2363125,gap1,False,1.1563024384101785
ab123_example/audio/synthetic_00007.wav,4.2363125,4.3543125,dash,True,2.842576827758356
ab123_example/audio/synthetic_00007.wav,4.3543125,4.4023125,gap1,False,1.1563024384101785
ab123_example/audio/synthetic_00007.wav,4.4023125,4.5203125,dash,True,2.842576827758356
ab123_example/audio/synthetic_00007.wav,4.5203125,4.8173125,gap7,False,7.15462133766298
ab123_example/audio/synthetic_00007.wav,4.8173125,4.8523125,dot,True,0.8431371946740885
ab123_example/audio/synthetic_00007.wav,4.8523125,4.9003125,gap1,False,1.1563024384101785
ab123_example/audio/synthetic_00007.wav,4.9003125,5.0183125,dash,True,2.842576827758356
ab123_example/audio/synthetic_00007.wav,5.0183125,5.0663125,gap1,False,1.1563024384101785
ab123_example/audio/synthetic_00007.wav,5.0663125,5.1843125,dash,True,2.842576827758356
ab123_example/audio/synthetic_00007.wav,5.1843125,5.2323125,gap1,False,1.1563024384101785
ab123_example/audio/synthetic_00007.wav,5.2323125,5.3503125,dash,True,2.842576827758356
ab123_example/audio/synthetic_00007.wav,5.3503125,5.3983125,gap1,False,1.1563024384101785
ab123_example/audio/synthetic_00007.wav,5.3983125,5.5163125,dash,True,2.842576827758356
ab123_example/audio/synthetic_00007.wav,5.5163125,5.6473125,gap3,False,3.155742071494446
ab123_example/audio/synthetic_00007.wav,5.6473125,5.6823125,dot,True,0.8431371946740885
ab123_example/audio/synthetic_00007.wav,5.6823125,5.7303125,gap1,False,1.1563024384101785
ab123_example/audio/synthetic_00007.wav,5.7303125,5.7653125,dot,True,0.8431371946740885
ab123_example/audio/synthetic_00007.wav,5.7653125,5.8133125,gap1,False,1.1563024384101785
ab123_example/audio/synthetic_00007.wav,5.8133125,5.9313125,dash,True,2.842576827758356
ab123_example/audio/synthetic_00007.wav,5.9313125,5.9793125,gap1,False,1.1563024384101785
ab123_example/audio/synthetic_00007.wav,5.9793125,6.0973125,dash,True,2.842576827758356
ab123_example/audio/synthetic_00007.wav,6.0973125,6.1453125,gap1,False,1.1563024384101785
ab123_example/audio/synthetic_00007.wav,6.1453125,6.2633125,dash,True,2.842576827758356
ab123_example/audio/synthetic_00007.wav,6.2633125,6.3943125,gap3,False,3.155742071494446
ab123_example/audio/synthetic_00007.wav,6.3943125,6.4293125,dot,True,0.8431371946740885
ab123_example/audio/synthetic_00007.wav,6.4293125,6.4773125,gap1,False,1.1563024384101785
ab123_example/audio/synthetic_00007.wav,6.4773125,6.5123125,dot,True,0.8431371946740885
ab123_example/audio/synthetic_00007.wav,6.5123125,6.5603125,gap1,False,1.1563024384101785
ab123_example/audio/synthetic_00007.wav,6.5603125,6.5953125,dot,True,0.8431371946740885
ab123_example/audio/synthetic_00007.wav,6.5953125,6.6433125,gap1,False,1.1563024384101785
ab123_example/audio/synthetic_00007.wav,6.6433125,6.7613125,dash,True,2.842576827758356
ab123_example/audio/synthetic_00007.wav,6.7613125,6.8093125,gap1,False,1.1563024384101785
ab123_example/audio/synthetic_00007.wav,6.8093125,6.9305,dash,True,2.919362536559032
ab123_example/audio/synthetic_00003.wav,0.0,0.0459375,dot,True,0.9280189406389938
ab123_example/audio/synthetic_00003.wav,0.0459375,0.102625,gap1,False,1.1451879988565543
ab123_example/audio/synthetic_00003.wav,0.102625,0.2439375,dash,True,2.854763026918048
ab123_example/audio/synthetic_00003.wav,0.2439375,0.399625,gap3,False,3.1451635117438554
ab123_example/audio/synthetic_00003.wav,0.399625,0.4419375,dot,True,0.8547875140307467
ab123_example/audio/synthetic_00003.wav,0.4419375,0.498625,gap1,False,1.1451879988565543
ab123_example/audio/synthetic_00003.wav,0.498625,0.6399375,dash,True,2.854763026918048
ab123_example/audio/synthetic_00003.wav,0.6399375,0.696625,gap1,False,1.1451879988565543
ab123_example/audio/synthetic_00003.wav,0.696625,0.7389375,dot,True,0.8547875140307467
ab123_example/audio/synthetic_00003.wav,0.7389375,0.795625,gap1,False,1.1451879988565543
ab123_example/audio/synthetic_00003.wav,0.795625,0.8379375,dot,True,0.8547875140307467
ab123_example/audio/synthetic_00003.wav,0.8379375,0.993625,gap3,False,3.1451635117438554
ab123_example/audio/synthetic_00003.wav,0.993625,1.0359375,dot,True,0.8547875140307467
ab123_example/audio/synthetic_00003.wav,1.0359375,1.092625,gap1,False,1.1451879988565543
ab123_example/audio/synthetic_00003.wav,1.092625,1.2339375,dash,True,2.854763026918048
ab123_example/audio/synthetic_00003.wav,1.2339375,1.290625,gap1,False,1.1451879988565543
ab123_example/audio/synthetic_00003.wav,1.290625,1.4319375,dash,True,2.854763026918048
ab123_example/audio/synthetic_00003.wav,1.4319375,1.488625,gap1,False,1.1451879988565543
ab123_example/audio/synthetic_00003.wav,1.488625,1.5309375,dot,True,0.8547875140307467
ab123_example/audio/synthetic_00003.wav,1.5309375,1.686625,gap3,False,3.1451635117438554
ab123_example/audio/synthetic_00003.wav,1.686625,1.7289375,dot,True,0.8547875140307467
ab123_example/audio/synthetic_00003.wav,1.7289375,1.785625,gap1,False,1.1451879988565543
ab123_example/audio/synthetic_00003.wav,1.785625,1.8279375,dot,True,0.8547875140307467
ab123_example/audio/synthetic_00003.wav,1.8279375,1.884625,gap1,False,1.1451879988565543
ab123_example/audio/synthetic_00003.wav,1.884625,1.9269375,dot,True,0.8547875140307467
ab123_example/audio/synthetic_00003.wav,1.9269375,1.983625,gap1,False,1.1451879988565543
ab123_example/audio/synthetic_00003.wav,1.983625,2.0259375,dot,True,0.8547875140307467
ab123_example/audio/synthetic_00003.wav,2.0259375,2.181625,gap3,False,3.1451635117438554
ab123_example/audio/synthetic_00003.wav,2.181625,2.2239375,dot,True,0.8547875140307467
ab123_example/audio/synthetic_00003.wav,2.2239375,2.280625,gap1,False,1.1451879988565543
ab123_example/audio/synthetic_00003.wav,2.280625,2.4219375,dash,True,2.854763026918048
ab123_example/audio/synthetic_00003.wav,2.4219375,2.775625,gap7,False,7.145114537518458
ab123_example/audio/synthetic_00003.wav,2.775625,2.9169375,dash,True,2.854763026918048
ab123_example/audio/synthetic_00003.wav,2.9169375,2.973625,gap1,False,1.1451879988565543
ab123_example/audio/synthetic_00003.wav,2.973625,3.0159375,dot,True,0.8547875140307467
ab123_example/audio/synthetic_00003.wav,3.0159375,3.072625,gap1,False,1.1451879988565543
ab123_example/audio/synthetic_00003.wav,3.072625,3.1149375,dot,True,0.8547875140307467
ab123_example/audio/synthetic_00003.wav,3.1149375,3.171625,gap1,False,1.1451879988565543
ab123_example/audio/synthetic_00003.wav,3.171625,3.2139375,dot,True,0.8547875140307467
ab123_example/audio/synthetic_00003.wav,3.2139375,3.369625,gap3,False,3.1451635117438554
ab123_example/audio/synthetic_00003.wav,3.369625,3.4119375,dot,True,0.8547875140307467
ab123_example/audio/synthetic_00003.wav,3.4119375,3.468625,gap1,False,1.1451879988565543
ab123_example/audio/synthetic_00003.wav,3.468625,3.6099375,dash,True,2.854763026918048
ab123_example/audio/synthetic_00003.wav,3.6099375,3.666625,gap1,False,1.1451879988565543
ab123_example/audio/synthetic_00003.wav,3.666625,3.7089375,dot,True,0.8547875140307467
ab123_example/audio/synthetic_00003.wav,3.7089375,3.864625,gap3,False,3.1451635117438554
ab123_example/audio/synthetic_00003.wav,3.864625,3.9069375,dot,True,0.8547875140307467
ab123_example/audio/synthetic_00003.wav,3.9069375,3.963625,gap1,False,1.1451879988565543
ab123_example/audio/synthetic_00003.wav,3.963625,4.1049375,dash,True,2.854763026918048
ab123_example/audio/synthetic_00003.wav,4.1049375,4.260625,gap3,False,3.1451635117438554
ab123_example/audio/synthetic_00003.wav,4.260625,4.3029375,dot,True,0.8547875140307467
ab123_example/audio/synthetic_00003.wav,4.3029375,4.359625,gap1,False,1.1451879988565543
ab123_example/audio/synthetic_00003.wav,4.359625,4.4019375,dot,True,0.8547875140307467
ab123_example/audio/synthetic_00003.wav,4.4019375,4.458625,gap1,False,1.1451879988565543
ab123_example/audio/synthetic_00003.wav,4.458625,4.5009375,dot,True,0.8547875140307467
ab123_example/audio/synthetic_00003.wav,4.5009375,4.557625,gap1,False,1.1451879988565543
ab123_example/audio/synthetic_00003.wav,4.557625,4.6989375,dash,True,2.854763026918048
ab123_example/audio/synthetic_00003.wav,4.6989375,4.854625,gap3,False,3.1451635117438554
ab123_example/audio/synthetic_00003.wav,4.854625,4.9959375,dash,True,2.854763026918048
ab123_example/audio/synthetic_00003.wav,4.9959375,5.052625,gap1,False,1.1451879988565543
ab123_example/audio/synthetic_00003.wav,5.052625,5.1939375,dash,True,2.854763026918048
ab123_example/audio/synthetic_00003.wav,5.1939375,5.250625,gap1,False,1.1451879988565543
ab123_example/audio/synthetic_00003.wav,5.250625,5.3919375,dash,True,2.854763026918048
ab123_example/audio/synthetic_00003.wav,5.3919375,5.745625,gap7,False,7.145114537518458
ab123_example/audio/synthetic_00003.wav,5.745625,5.7879375,dot,True,0.8547875140307467
ab123_example/audio/synthetic_00003.wav,5.7879375,5.844625,gap1,False,1.1451879988565543
ab123_example/audio/synthetic_00003.wav,5.844625,5.9859375,dash,True,2.854763026918048
ab123_example/audio/synthetic_00003.wav,5.9859375,6.042625,gap1,False,1.1451879988565543
ab123_example/audio/synthetic_00003.wav,6.042625,6.1839375,dash,True,2.854763026918048
ab123_example/audio/synthetic_00003.wav,6.1839375,6.240625,gap1,False,1.1451879988565543
ab123_example/audio/synthetic_00003.wav,6.240625,6.3819375,dash,True,2.854763026918048
ab123_example/audio/synthetic_00003.wav,6.3819375,6.438625,gap1,False,1.1451879988565543
ab123_example/audio/synthetic_00003.wav,6.438625,6.5799375,dash,True,2.854763026918048
ab123_example/audio/synthetic_00003.wav,6.5799375,6.735625,gap3,False,3.1451635117438554
ab123_example/audio/synthetic_00003.wav,6.735625,6.7779375,dot,True,0.8547875140307467
ab123_example/audio/synthetic_00003.wav,6.7779375,6.834625,gap1,False,1.1451879988565543
ab123_example/audio/synthetic_00003.wav,6.834625,6.8769375,dot,True,0.8547875140307467
ab123_example/audio/synthetic_00003.wav,6.8769375,6.933625,gap1,False,1.1451879988565543
ab123_example/audio/synthetic_00003.wav,6.933625,7.0749375,dash,True,2.854763026918048
ab123_example/audio/synthetic_00003.wav,7.0749375,7.131625,gap1,False,1.1451879988565543
ab123_example/audio/synthetic_00003.wav,7.131625,7.2729375,dash,True,2.854763026918048
ab123_example/audio/synthetic_00003.wav,7.2729375,7.329625,gap1,False,1.1451879988565543
ab123_example/audio/synthetic_00003.wav,7.329625,7.4709375,dash,True,2.854763026918048
ab123_example/audio/synthetic_00003.wav,7.4709375,7.626625,gap3,False,3.1451635117438554
ab123_example/audio/synthetic_00003.wav,7.626625,7.6689375,dot,True,0.8547875140307467
ab123_example/audio/synthetic_00003.wav,7.6689375,7.725625,gap1,False,1.1451879988565543
ab123_example/audio/synthetic_00003.wav,7.725625,7.7679375,dot,True,0.8547875140307467
ab123_example/audio/synthetic_00003.wav,7.7679375,7.824625,gap1,False,1.1451879988565543
ab123_example/audio/synthetic_00003.wav,7.824625,7.8669375,dot,True,0.8547875140307467
ab123_example/audio/synthetic_00003.wav,7.8669375,7.923625,gap1,False,1.1451879988565543
ab123_example/audio/synthetic_00003.wav,7.923625,8.0649375,dash,True,2.854763026918048
ab123_example/audio/synthetic_00003.wav,8.0649375,8.121625,gap1,False,1.1451879988565543
ab123_example/audio/synthetic_00003.wav,8.121625,8.2665,dash,True,2.9267318427227043
ab123_example/audio/synthetic_00009.wav,0.0,0.0475625,dot,True,0.9290776424491695
ab123_example/audio/synthetic_00009.wav,0.0475625,0.1061875,gap1,False,1.1451706026508817
ab123_example/audio/synthetic_00009.wav,0.1061875,0.2524375,dash,True,2.8568221857175513
ab123_example/audio/synthetic_00009.wav,0.2524375,0.4133125,gap3,False,3.142504404289306
ab123_example/audio/synthetic_00009.wav,0.4133125,0.4570625,dot,True,0.8546049273514043
ab123_example/audio/synthetic_00009.wav,0.4570625,0.5156875,gap1,False,1.1451706026508817
ab123_example/audio/synthetic_00009.wav,0.5156875,0.6619375,dash,True,2.8568221857175513
ab123_example/audio/synthetic_00009.wav,0.6619375,0.7204375,gap1,False,1.1427288742870205
ab123_example/audio/synthetic_00009.wav,0.7204375,0.7641875,dot,True,0.8546049273514043
ab123_example/audio/synthetic_00009.wav,0.7641875,0.8228125,gap1,False,1.1451706026508817
ab123_example/audio/synthetic_00009.wav,0.8228125,0.8665625,dot,True,0.8546049273514043
ab123_example/audio/synthetic_00009.wav,0.8665625,1.0275625,gap3,False,3.1449461326531676
ab123_example/audio/synthetic_00009.wav,1.0275625,1.0713125,dot,True,0.8546049273514043
ab123_example/audio/synthetic_00009.wav,1.0713125,1.1299375,gap1,False,1.1451706026508817
ab123_example/audio/synthetic_00009.wav,1.1299375,1.2761875,dash,True,2.8568221857175513
ab123_example/audio/synthetic_00009.wav,1.2761875,1.3346875,gap1,False,1.1427288742870205
ab123_example/audio/synthetic_00009.wav,1.3346875,1.4809375,dash,True,2.8568221857175513
ab123_example/audio/synthetic_00009.wav,1.4809375,1.5394375,gap1,False,1.1427288742870205
ab123_example/audio/synthetic_00009.wav,1.5394375,1.5831875,dot,True,0.8546049273514043
ab123_example/audio/synthetic_00009.wav,1.5831875,1.7441875,gap3,False,3.1449461326531676
ab123_example/audio/synthetic_00009.wav,1.7441875,1.7879375,dot,True,0.8546049273514043
ab123_example/audio/synthetic_00009.wav,1.7879375,1.8465625,gap1,False,1.1451706026508817
ab123_example/audio/synthetic_00009.wav,1.8465625,1.8903125,dot,True,0.8546049273514043
ab123_example/audio/synthetic_00009.wav,1.8903125,1.9489375,gap1,False,1.1451706026508817
ab123_example/audio/synthetic_00009.wav,1.9489375,1.9926875,dot,True,0.8546049273514043
ab123_example/audio/synthetic_00009.wav,1.9926875,2.0513125,gap1,False,1.1451706026508817
ab123_example/audio/synthetic_00009.wav,2.0513125,2.0950625,dot,True,0.8546049273514043
ab123_example/audio/synthetic_00009.wav,2.0950625,2.2560625,gap3,False,3.1449461326531676
ab123_example/audio/synthetic_00009.wav,2.2560625,2.2998125,dot,True,0.8546049273514043
ab123_example/audio/synthetic_00009.wav,2.2998125,2.3584375,gap1,False,1.1451706026508817
ab123_example/audio/synthetic_00009.wav,2.3584375,2.5046875,dash,True,2.8568221857175513
ab123_example/audio/synthetic_00009.wav,2.5046875,2.8703125,gap7,False,7.142055464293878
ab123_example/audio/synthetic_00009.wav,2.8703125,3.0165625,dash,True,2.8568221857175513
ab123_example/audio/synthetic_00009.wav,3.0165625,3.0750625,gap1,False,1.1427288742870205
ab123_example/audio/synthetic_00009.wav,3.0750625,3.1188125,dot,True,0.8546049273514043
ab123_example/audio/synthetic_00009.wav,3.1188125,3.1774375,gap1,False,1.1451706026508817
ab123_example/audio/synthetic_00009.wav,3.1774375,3.2211875,dot,True,0.8546049273514043
ab123_example/audio/synthetic_00009.wav,3.2211875,3.2798125,gap1,False,1.1451706026508817
ab123_example/audio/synthetic_00009.wav,3.2798125,3.3235625,dot,True,0.8546049273514043
ab123_example/audio/synthetic_00009.wav,3.3235625,3.4845625,gap3,False,3.1449461326531676
ab123_example/audio/synthetic_00009.wav,3.4845625,3.5283125,dot,True,0.8546049273514043
ab123_example/audio/synthetic_00009.wav,3.5283125,3.5869375,gap1,False,1.1451706026508817
ab123_example/audio/synthetic_00009.wav,3.5869375,3.7331875,dash,True,2.8568221857175513
ab123_example/audio/synthetic_00009.wav,3.7331875,3.7916875,gap1,False,1.1427288742870205
ab123_example/audio/synthetic_00009.wav,3.7916875,3.8354375,dot,True,0.8546049273514043
ab123_example/audio/synthetic_00009.wav,3.8354375,3.9964375,gap3,False,3.1449461326531676
ab123_example/audio/synthetic_00009.wav,3.9964375,4.0401875,dot,True,0.8546049273514043
ab123_example/audio/synthetic_00009.wav,4.0401875,4.0988125,gap1,False,1.1451706026508817
ab123_example/audio/synthetic_00009.wav,4.0988125,4.2450625,dash,True,2.8568221857175513
ab123_example/audio/synthetic_00009.wav,4.2450625,4.4059375,gap3,False,3.142504404289306
ab123_example/audio/synthetic_00009.wav,4.4059375,4.4496875,dot,True,0.8546049273514043
ab123_example/audio/synthetic_00009.wav,4.4496875,4.5083125,gap1,False,1.1451706026508817
ab123_example/audio/synthetic_00009.wav,4.5083125,4.5520625,dot,True,0.8546049273514043
ab123_example/audio/synthetic_00009.wav,4.5520625,4.6106875,gap1,False,1.1451706026508817
ab123_example/audio/synthetic_00009.wav,4.6106875,4.6544375,dot,True,0.8546049273514043
ab123_example/audio/synthetic_00009.wav,4.6544375,4.7130625,gap1,False,1.1451706026508817
ab123_example/audio/synthetic_00009.wav,4.7130625,4.8593125,dash,True,2.8568221857175513
ab123_example/audio/synthetic_00009.wav,4.8593125,5.0201875,gap3,False,3.142504404289306
ab123_example/audio/synthetic_00009.wav,5.0201875,5.1664375,dash,True,2.8568221857175513
ab123_example/audio/synthetic_00009.wav,5.1664375,5.2249375,gap1,False,1.1427288742870205
ab123_example/audio/synthetic_00009.wav,5.2249375,5.3711875,dash,True,2.8568221857175513
ab123_example/audio/synthetic_00009.wav,5.3711875,5.4296875,gap1,False,1.1427288742870205
ab123_example/audio/synthetic_00009.wav,5.4296875,5.5759375,dash,True,2.8568221857175513
ab123_example/audio/synthetic_00009.wav,5.5759375,5.9415625,gap7,False,7.142055464293878
ab123_example/audio/synthetic_00009.wav,5.9415625,5.9853125,dot,True,0.8546049273514043
ab123_example/audio/synthetic_00009.wav,5.9853125,6.0439375,gap1,False,1.1451706026508817
ab123_example/audio/synthetic_00009.wav,6.0439375,6.1901875,dash,True,2.8568221857175513
ab123_example/audio/synthetic_00009.wav,6.1901875,6.2486875,gap1,False,1.1427288742870205
ab123_example/audio/synthetic_00009.wav,6.2486875,6.3949375,dash,True,2.8568221857175513
ab123_example/audio/synthetic_00009.wav,6.3949375,6.4534375,gap1,False,1.1427288742870205
ab123_example/audio/synthetic_00009.wav,6.4534375,6.5996875,dash,True,2.8568221857175513
ab123_example/audio/synthetic_00009.wav,6.5996875,6.6581875,gap1,False,1.1427288742870205
ab123_example/audio/synthetic_00009.wav,6.6581875,6.8044375,dash,True,2.8568221857175513
ab123_example/audio/synthetic_00009.wav,6.8044375,6.9653125,gap3,False,3.142504404289306
ab123_example/audio/synthetic_00009.wav,6.9653125,7.0090625,dot,True,0.8546049273514043
ab123_example/audio/synthetic_00009.wav,7.0090625,7.0676875,gap1,False,1.1451706026508817
ab123_example/audio/synthetic_00009.wav,7.0676875,7.1114375,dot,True,0.8546049273514043
ab123_example/audio/synthetic_00009.wav,7.1114375,7.1700625,gap1,False,1.1451706026508817
ab123_example/audio/synthetic_00009.wav,7.1700625,7.3163125,dash,True,2.8568221857175513
ab123_example/audio/synthetic_00009.wav,7.3163125,7.3748125,gap1,False,1.1427288742870205
ab123_example/audio/synthetic_00009.wav,7.3748125,7.5210625,dash,True,2.8568221857175513
ab123_example/audio/synthetic_00009.wav,7.5210625,7.5795625,gap1,False,1.1427288742870205
ab123_example/audio/synthetic_00009.wav,7.5795625,7.7258125,dash,True,2.8568221857175513
ab123_example/audio/synthetic_00009.wav,7.7258125,7.8866875,gap3,False,3.142504404289306
ab123_example/audio/synthetic_00009.wav,7.8866875,7.9304375,dot,True,0.8546049273514043
ab123_example/audio/synthetic_00009.wav,7.9304375,7.9890625,gap1,False,1.1451706026508817
ab123_example/audio/synthetic_00009.wav,7.9890625,8.0328125,dot,True,0.8546049273514043
ab123_example/audio/synthetic_00009.wav,8.0328125,8.0914375,gap1,False,1.1451706026508817
ab123_example/audio/synthetic_00009.wav,8.0914375,8.1351875,dot,True,0.8546049273514043
ab123_example/audio/synthetic_00009.wav,8.1351875,8.1938125,gap1,False,1.1451706026508817
ab123_example/audio/synthetic_00009.wav,8.1938125,8.3400625,dash,True,2.8568221857175513
ab123_example/audio/synthetic_00009.wav,8.3400625,8.3985625,gap1,False,1.1427288742870205
ab123_example/audio/synthetic_00009.wav,8.3985625,8.5483125,dash,True,2.9251905799056637
ab123_example/audio/synthetic_00006.wav,0.0,0.047,dot,True,0.927553062844833
ab123_example/audio/synthetic_00006.wav,0.047,0.105,gap1,False,1.1446399498936237
ab123_example/audio/synthetic_00006.wav,0.105,0.2495625,dash,True,2.8529657371809822
ab123_example/audio/synthetic_00006.wav,0.2495625,0.40875,gap3,False,3.1415926210981246
ab123_example/audio/synthetic_00006.wav,0.40875,0.452,dot,True,0.8535461695327452
ab123_example/audio/synthetic_00006.wav,0.452,0.51,gap1,False,1.1446399498936237
ab123_example/audio/synthetic_00006.wav,0.51,0.6545625,dash,True,2.8529657371809822
ab123_example/audio/synthetic_00006.wav,0.6545625,0.7125,gap1,False,1.1434065016717556
ab123_example/audio/synthetic_00006.wav,0.7125,0.75575,dot,True,0.8535461695327452
ab123_example/audio/synthetic_00006.wav,0.75575,0.81375,gap1,False,1.1446399498936237
ab123_example/audio/synthetic_00006.wav,0.81375,0.857,dot,True,0.8535461695327452
ab123_example/audio/synthetic_00006.wav,0.857,1.01625,gap3,False,3.1428260693199928
ab123_example/audio/synthetic_00006.wav,1.01625,1.0595,dot,True,0.8535461695327452
ab123_example/audio/synthetic_00006.wav,1.0595,1.1175,gap1,False,1.1446399498936237
ab123_example/audio/synthetic_00006.wav,1.1175,1.2620625,dash,True,2.8529657371809822
ab123_example/audio/synthetic_00006.wav,1.2620625,1.32,gap1,False,1.1434065016717556
ab123_example/audio/synthetic_00006.wav,1.32,1.4645625,dash,True,2.8529657371809822
ab123_example/audio/synthetic_00006.wav,1.4645625,1.5225,gap1,False,1.1434065016717556
ab123_example/audio/synthetic_00006.wav,1.5225,1.56575,dot,True,0.8535461695327452
ab123_example/audio/synthetic_00006.wav,1.56575,1.725,gap3,False,3.1428260693199928
ab123_example/audio/synthetic_00006.wav,1.725,1.76825,dot,True,0.8535461695327452
ab123_example/audio/synthetic_00006.wav,1.76825,1.82625,gap1,False,1.1446399498936237
ab123_example/audio/synthetic_00006.wav,1.82625,1.8695,dot,True,0.8535461695327452
ab123_example/audio/synthetic_00006.wav,1.8695,1.9275,gap1,False,1.1446399498936237
ab123_example/audio/synthetic_00006.wav,1.9275,1.97075,dot,True,0.8535461695327452
ab123_example/audio/synthetic_00006.wav,1.97075,2.02875,gap1,False,1.1446399498936237
ab123_example/audio/synthetic_00006.wav,2.02875,2.072,dot,True,0.8535461695327452
ab123_example/audio/synthetic_00006.wav,2.072,2.23125,gap3,False,3.1428260693199928
ab123_example/audio/synthetic_00006.wav,2.23125,2.2745,dot,True,0.8535461695327452
ab123_example/audio/synthetic_00006.wav,2.2745,2.3325,gap1,False,1.1446399498936237
ab123_example/audio/synthetic_00006.wav,2.3325,2.4770625,dash,True,2.8529657371809822
ab123_example/audio/synthetic_00006.wav,2.4770625,2.83875,gap7,False,7.137964859950863
ab123_example/audio/synthetic_00006.wav,2.83875,2.9833125,dash,True,2.8529657371809822
ab123_example/audio/synthetic_00006.wav,2.9833125,3.04125,gap1,False,1.1434065016717556
ab123_example/audio/synthetic_00006.wav,3.04125,3.0845,dot,True,0.8535461695327452
ab123_example/audio/synthetic_00006.wav,3.0845,3.1425,gap1,False,1.1446399498936237
ab123_example/audio/synthetic_00006.wav,3.1425,3.18575,dot,True,0.8535461695327452
ab123_example/audio/synthetic_00006.wav,3.18575,3.24375,gap1,False,1.1446399498936237
ab123_example/audio/synthetic_00006.wav,3.24375,3.287,dot,True,0.8535461695327452
ab123_example/audio/synthetic_00006.wav,3.287,3.44625,gap3,False,3.1428260693199928
ab123_example/audio/synthetic_00006.wav,3.44625,3.4895,dot,True,0.8535461695327452
ab123_example/audio/synthetic_00006.wav,3.4895,3.5475,gap1,False,1.1446399498936237
ab123_example/audio/synthetic_00006.wav,3.5475,3.6920625,dash,True,2.8529657371809822
ab123_example/audio/synthetic_00006.wav,3.6920625,3.75,gap1,False,1.1434065016717556
ab123_example/audio/synthetic_00006.wav,3.75,3.79325,dot,True,0.8535461695327452
ab123_example/audio/synthetic_00006.wav,3.79325,3.9525,gap3,False,3.1428260693199928
ab123_example/audio/synthetic_00006.wav,3.9525,3.99575,dot,True,0.8535461695327452
ab123_example/audio/synthetic_00006.wav,3.99575,4.05375,gap1,False,1.1446399498936237
ab123_example/audio/synthetic_00006.wav,4.05375,4.1983125,dash,True,2.8529657371809822
ab123_example/audio/synthetic_00006.wav,4.1983125,4.3575,gap3,False,3.1415926210981246
ab123_example/audio/synthetic_00006.wav,4.3575,4.40075,dot,True,0.8535461695327452
ab123_example/audio/synthetic_00006.wav,4.40075,4.45875,gap1,False,1.1446399498936237
ab123_example/audio/synthetic_00006.wav,4.45875,4.502,dot,True,0.8535461695327452
ab123_example/audio/synthetic_00006.wav,4.502,4.56,gap1,False,1.1446399498936237
ab123_example/audio/synthetic_00006.wav,4.56,4.60325,dot,True,0.8535461695327452
ab123_example/audio/synthetic_00006.wav,4.60325,4.66125,gap1,False,1.1446399498936237
ab123_example/audio/synthetic_00006.wav,4.66125,4.8058125,dash,True,2.8529657371809822
ab123_example/audio/synthetic_00006.wav,4.8058125,4.965,gap3,False,3.1415926210981246
ab123_example/audio/synthetic_00006.wav,4.965,5.1095625,dash,True,2.8529657371809822
ab123_example/audio/synthetic_00006.wav,5.1095625,5.1675,gap1,False,1.1434065016717556
ab123_example/audio/synthetic_00006.wav,5.1675,5.3120625,dash,True,2.8529657371809822
ab123_example/audio/synthetic_00006.wav,5.3120625,5.37,gap1,False,1.1434065016717556
ab123_example/audio/synthetic_00006.wav,5.37,5.5145625,dash,True,2.8529657371809822
ab123_example/audio/synthetic_00006.wav,5.5145625,5.87625,gap7,False,7.137964859950863
ab123_example/audio/synthetic_00006.wav,5.87625,5.9195,dot,True,0.8535461695327452
ab123_example/audio/synthetic_00006.wav,5.9195,5.9775,gap1,False,1.1446399498936237
ab123_example/audio/synthetic_00006.wav,5.9775,6.1220625,dash,True,2.8529657371809822
ab123_example/audio/synthetic_00006.wav,6.1220625,6.18,gap1,False,1.1434065016717556
ab123_example/audio/synthetic_00006.wav,6.18,6.3245625,dash,True,2.8529657371809822
ab123_example/audio/synthetic_00006.wav,6.3245625,6.3825,gap1,False,1.1434065016717556
ab123_example/audio/synthetic_00006.wav,6.3825,6.5270625,dash,True,2.8529657371809822
ab123_example/audio/synthetic_00006.wav,6.5270625,6.585,gap1,False,1.1434065016717556
ab123_example/audio/synthetic_00006.wav,6.585,6.7295625,dash,True,2.8529657371809822
ab123_example/audio/synthetic_00006.wav,6.7295625,6.88875,gap3,False,3.1415926210981246
ab123_example/audio/synthetic_00006.wav,6.88875,6.932,dot,True,0.8535461695327452
ab123_example/audio/synthetic_00006.wav,6.932,6.99,gap1,False,1.1446399498936237
ab123_example/audio/synthetic_00006.wav,6.99,7.03325,dot,True,0.8535461695327452
ab123_example/audio/synthetic_00006.wav,7.03325,7.09125,gap1,False,1.1446399498936237
ab123_example/audio/synthetic_00006.wav,7.09125,7.2358125,dash,True,2.8529657371809822
ab123_example/audio/synthetic_00006.wav,7.2358125,7.29375,gap1,False,1.1434065016717556
ab123_example/audio/synthetic_00006.wav,7.29375,7.4383125,dash,True,2.8529657371809822
ab123_example/audio/synthetic_00006.wav,7.4383125,7.49625,gap1,False,1.1434065016717556
ab123_example/audio/synthetic_00006.wav,7.49625,7.6408125,dash,True,2.8529657371809822
ab123_example/audio/synthetic_00006.wav,7.6408125,7.8,gap3,False,3.1415926210981246
ab123_example/audio/synthetic_00006.wav,7.8,7.84325,dot,True,0.8535461695327452
ab123_example/audio/synthetic_00006.wav,7.84325,7.90125,gap1,False,1.1446399498936237
ab123_example/audio/synthetic_00006.wav,7.90125,7.9445,dot,True,0.8535461695327452
ab123_example/audio/synthetic_00006.wav,7.9445,8.0025,gap1,False,1.1446399498936237
ab123_example/audio/synthetic_00006.wav,8.0025,8.04575,dot,True,0.8535461695327452
ab123_example/audio/synthetic_00006.wav,8.04575,8.10375,gap1,False,1.1446399498936237
ab123_example/audio/synthetic_00006.wav,8.10375,8.2483125,dash,True,2.8529657371809822
ab123_example/audio/synthetic_00006.wav,8.2483125,8.30625,gap1,False,1.1434065016717556
ab123_example/audio/synthetic_00006.wav,8.30625,8.454375,dash,True,2.9232722858274656
ab123_example/audio/synthetic_00004.wav,0.0,0.07025,dot,True,0.9374138249881957
ab123_example/audio/synthetic_00004.wav,0.07025,0.1545625,gap1,False,1.125063389598822
ab123_example/audio/synthetic_00004.wav,0.1545625,0.370125,dash,True,2.8764593259646682
ab123_example/audio/synthetic_00004.wav,0.370125,0.6041875,gap3,False,3.123322753185759
ab123_example/audio/synthetic_00004.wav,0.6041875,0.66975,dot,True,0.8748639701179869
ab123_example/audio/synthetic_00004.wav,0.66975,0.7540625,gap1,False,1.125063389598822
ab123_example/audio/synthetic_00004.wav,0.7540625,0.969625,dash,True,2.8764593259646682
ab123_example/audio/synthetic_00004.wav,0.969625,1.0538125,gap1,False,1.1233953934689498
ab123_example/audio/synthetic_00004.wav,1.0538125,1.119375,dot,True,0.8748639701179869
ab123_example/audio/synthetic_00004.wav,1.119375,1.2036875,gap1,False,1.125063389598822
ab123_example/audio/synthetic_00004.wav,1.2036875,1.26925,dot,True,0.8748639701179869
ab123_example/audio/synthetic_00004.wav,1.26925,1.5034375,gap3,False,3.1249907493156313
ab123_example/audio/synthetic_00004.wav,1.5034375,1.569,dot,True,0.8748639701179869
ab123_example/audio/synthetic_00004.wav,1.569,1.6533125,gap1,False,1.125063389598822
ab123_example/audio/synthetic_00004.wav,1.6533125,1.868875,dash,True,2.8764593259646682
ab123_example/audio/synthetic_00004.wav,1.868875,1.9530625,gap1,False,1.1233953934689498
ab123_example/audio/synthetic_00004.wav,1.9530625,2.168625,dash,True,2.8764593259646682
ab123_example/audio/synthetic_00004.wav,2.168625,2.2528125,gap1,False,1.1233953934689498
ab123_example/audio/synthetic_00004.wav,2.2528125,2.318375,dot,True,0.8748639701179869
ab123_example/audio/synthetic_00004.wav,2.318375,2.5525625,gap3,False,3.1249907493156313
ab123_example/audio/synthetic_00004.wav,2.5525625,2.618125,dot,True,0.8748639701179869
ab123_example/audio/synthetic_00004.wav,2.618125,2.7024375,gap1,False,1.125063389598822
ab123_example/audio/synthetic_00004.wav,2.7024375,2.768,dot,True,0.8748639701179869
ab123_example/audio/synthetic_00004.wav,2.768,2.8523125,gap1,False,1.125063389598822
ab123_example/audio/synthetic_00004.wav,2.8523125,2.917875,dot,True,0.8748639701179869
ab123_example/audio/synthetic_00004.wav,2.917875,3.0021875,gap1,False,1.125063389598822
ab123_example/audio/synthetic_00004.wav,3.0021875,3.06775,dot,True,0.8748639701179869
ab123_example/audio/synthetic_00004.wav,3.06775,3.3019375,gap3,False,3.1249907493156313
ab123_example/audio/synthetic_00004.wav,3.3019375,3.3675,dot,True,0.8748639701179869
ab123_example/audio/synthetic_00004.wav,3.3675,3.4518125,gap1,False,1.125063389598822
ab123_example/audio/synthetic_00004.wav,3.4518125,3.667375,dash,True,2.8764593259646682
ab123_example/audio/synthetic_00004.wav,3.667375,4.2011875,gap7,False,7.123177472619377
ab123_example/audio/synthetic_00004.wav,4.2011875,4.41675,dash,True,2.8764593259646682
ab123_example/audio/synthetic_00004.wav,4.41675,4.5009375,gap1,False,1.1233953934689498
ab123_example/audio/synthetic_00004.wav,4.5009375,4.5665,dot,True,0.8748639701179869
ab123_example/audio/synthetic_00004.wav,4.5665,4.6508125,gap1,False,1.125063389598822
ab123_example/audio/synthetic_00004.wav,4.6508125,4.716375,dot,True,0.8748639701179869
ab123_example/audio/synthetic_00004.wav,4.716375,4.8006875,gap1,False,1.125063389598822
ab123_example/audio/synthetic_00004.wav,4.8006875,4.86625,dot,True,0.8748639701179869
ab123_example/audio/synthetic_00004.wav,4.86625,5.1004375,gap3,False,3.1249907493156313
ab123_example/audio/synthetic_00004.wav,5.1004375,5.166,dot,True,0.8748639701179869
ab123_example/audio/synthetic_00004.wav,5.166,5.2503125,gap1,False,1.125063389598822
ab123_example/audio/synthetic_00004.wav,5.2503125,5.465875,dash,True,2.8764593259646682
ab123_example/audio/synthetic_00004.wav,5.465875,5.5500625,gap1,False,1.1233953934689498
ab123_example/audio/synthetic_00004.wav,5.5500625,5.615625,dot,True,0.8748639701179869
ab123_example/audio/synthetic_00004.wav,5.615625,5.8498125,gap3,False,3.1249907493156313
ab123_example/audio/synthetic_00004.wav,5.8498125,5.915375,dot,True,0.8748639701179869
ab123_example/audio/synthetic_00004.wav,5.915375,5.9996875,gap1,False,1.125063389598822
ab123_example/audio/synthetic_00004.wav,5.9996875,6.21525,dash,True,2.8764593259646682
ab123_example/audio/synthetic_00004.wav,6.21525,6.4493125,gap3,False,3.123322753185759
ab123_example/audio/synthetic_00004.wav,6.4493125,6.514875,dot,True,0.8748639701179869
ab123_example/audio/synthetic_00004.wav,6.514875,6.5991875,gap1,False,1.125063389598822
ab123_example/audio/synthetic_00004.wav,6.5991875,6.66475,dot,True,0.8748639701179869
ab123_example/audio/synthetic_00004.wav,6.66475,6.7490625,gap1,False,1.125063389598822
ab123_example/audio/synthetic_00004.wav,6.7490625,6.814625,dot,True,0.8748639701179869
ab123_example/audio/synthetic_00004.wav,6.814625,6.8989375,gap1,False,1.125063389598822
ab123_example/audio/synthetic_00004.wav,6.8989375,7.1145,dash,True,2.8764593259646682
ab123_example/audio/synthetic_00004.wav,7.1145,7.3485625,gap3,False,3.123322753185759
ab123_example/audio/synthetic_00004.wav,7.3485625,7.564125,dash,True,2.8764593259646682
ab123_example/audio/synthetic_00004.wav,7.564125,7.6483125,gap1,False,1.1233953934689498
ab123_example/audio/synthetic_00004.wav,7.6483125,7.863875,dash,True,2.8764593259646682
ab123_example/audio/synthetic_00004.wav,7.863875,7.9480625,gap1,False,1.1233953934689498
ab123_example/audio/synthetic_00004.wav,7.9480625,8.163625,dash,True,2.8764593259646682
ab123_example/audio/synthetic_00004.wav,8.163625,8.6974375,gap7,False,7.123177472619377
ab123_example/audio/synthetic_00004.wav,8.6974375,8.763,dot,True,0.8748639701179869
ab123_example/audio/synthetic_00004.wav,8.763,8.8473125,gap1,False,1.125063389598822
ab123_example/audio/synthetic_00004.wav,8.8473125,9.062875,dash,True,2.8764593259646682
ab123_example/audio/synthetic_00004.wav,9.062875,9.1470625,gap1,False,1.1233953934689498
ab123_example/audio/synthetic_00004.wav,9.1470625,9.362625,dash,True,2.8764593259646682
ab123_example/audio/synthetic_00004.wav,9.362625,9.4468125,gap1,False,1.1233953934689498
ab123_example/audio/synthetic_00004.wav,9.4468125,9.662375,dash,True,2.8764593259646682
ab123_example/audio/synthetic_00004.wav,9.662375,9.7465625,gap1,False,1.1233953934689498
ab123_example/audio/synthetic_00004.wav,9.7465625,9.962125,dash,True,2.8764593259646682
ab123_example/audio/synthetic_00004.wav,9.962125,10.1961875,gap3,False,3.123322753185759
ab123_example/audio/synthetic_00004.wav,10.1961875,10.26175,dot,True,0.8748639701179869
ab123_example/audio/synthetic_00004.wav,10.26175,10.3460625,gap1,False,1.125063389598822
ab123_example/audio/synthetic_00004.wav,10.3460625,10.411625,dot,True,0.8748639701179869
ab123_example/audio/synthetic_00004.wav,10.411625,10.4959375,gap1,False,1.125063389598822
ab123_example/audio/synthetic_00004.wav,10.4959375,10.7115,dash,True,2.8764593259646682
ab123_example/audio/synthetic_00004.wav,10.7115,10.7956875,gap1,False,1.1233953934689498
ab123_example/audio/synthetic_00004.wav,10.7956875,11.01125,dash,True,2.8764593259646682
ab123_example/audio/synthetic_00004.wav,11.01125,11.0954375,gap1,False,1.1233953934689498
ab123_example/audio/synthetic_00004.wav,11.0954375,11.311,dash,True,2.8764593259646682
ab123_example/audio/synthetic_00004.wav,11.311,11.5450625,gap3,False,3.123322753185759
ab123_example/audio/synthetic_00004.wav,11.5450625,11.610625,dot,True,0.8748639701179869
ab123_example/audio/synthetic_00004.wav,11.610625,11.6949375,gap1,False,1.125063389598822
ab123_example/audio/synthetic_00004.wav,11.6949375,11.7605,dot,True,0.8748639701179869
ab123_example/audio/synthetic_00004.wav,11.7605,11.8448125,gap1,False,1.125063389598822
ab123_example/audio/synthetic_00004.wav,11.8448125,11.910375,dot,True,0.8748639701179869
ab123_example/audio/synthetic_00004.wav,11.910375,11.9946875,gap1,False,1.125063389598822
ab123_example/audio/synthetic_00004.wav,11.9946875,12.21025,dash,True,2.8764593259646682
ab123_example/audio/synthetic_00004.wav,12.21025,12.2944375,gap1,False,1.1233953934689498
ab123_example/audio/synthetic_00004.wav,12.2944375,12.5145625,dash,True,2.9373411847050046
ab123_example/audio/synthetic_00001.wav,0.0,0.0630625,dot,True,0.9371595623407215
ab123_example/audio/synthetic_00001.wav,0.0630625,0.1389375,gap1,False,1.127563635958014
ab123_example/audio/synthetic_00001.wav,0.1389375,0.332,dash,True,2.8690643092869066
ab123_example/audio/synthetic_00001.wav,0.332,0.5424375,gap3,False,3.1272708091191372
ab123_example/audio/synthetic_00001.wav,0.5424375,0.6010625,dot,True,0.8712147368440007
ab123_example/audio/synthetic_00001.wav,0.6010625,0.6769375,gap1,False,1.127563635958014
ab123_example/audio/synthetic_00001.wav,0.6769375,0.87,dash,True,2.8690643092869066
ab123_example/audio/synthetic_00001.wav,0.87,0.9459375,gap1,False,1.1284924363171225
ab123_example/audio/synthetic_00001.wav,0.9459375,1.0045625,dot,True,0.8712147368440007
ab123_example/audio/synthetic_00001.wav,1.0045625,1.0804375,gap1,False,1.127563635958014
ab123_example/audio/synthetic_00001.wav,1.0804375,1.1390625,dot,True,0.8712147368440007
ab123_example/audio/synthetic_00001.wav,1.1390625,1.3494375,gap3,False,3.1263420087600284
ab123_example/audio/synthetic_00001.wav,1.3494375,1.4080625,dot,True,0.8712147368440007
ab123_example/audio/synthetic_00001.wav,1.4080625,1.4839375,gap1,False,1.127563635958014
ab123_example/audio/synthetic_00001.wav,1.4839375,1.677,dash,True,2.8690643092869066
ab123_example/audio/synthetic_00001.wav,1.677,1.7529375,gap1,False,1.1284924363171225
ab123_example/audio/synthetic_00001.wav,1.7529375,1.946,dash,True,2.8690643092869066
ab123_example/audio/synthetic_00001.wav,1.946,2.0219375,gap1,False,1.1284924363171225
ab123_example/audio/synthetic_00001.wav,2.0219375,2.0805625,dot,True,0.8712147368440007
ab123_example/audio/synthetic_00001.wav,2.0805625,2.2909375,gap3,False,3.1263420087600284
ab123_example/audio/synthetic_00001.wav,2.2909375,2.3495625,dot,True,0.8712147368440007
ab123_example/audio/synthetic_00001.wav,2.3495625,2.4254375,gap1,False,1.127563635958014
ab123_example/audio/synthetic_00001.wav,2.4254375,2.4840625,dot,True,0.8712147368440007
ab123_example/audio/synthetic_00001.wav,2.4840625,2.5599375,gap1,False,1.127563635958014
ab123_example/audio/synthetic_00001.wav,2.5599375,2.6185625,dot,True,0.8712147368440007
ab123_example/audio/synthetic_00001.wav,2.6185625,2.6944375,gap1,False,1.127563635958014
ab123_example/audio/synthetic_00001.wav,2.6944375,2.7530625,dot,True,0.8712147368440007
ab123_example/audio/synthetic_00001.wav,2.7530625,2.9634375,gap3,False,3.1263420087600284
ab123_example/audio/synthetic_00001.wav,2.9634375,3.0220625,dot,True,0.8712147368440007
ab123_example/audio/synthetic_00001.wav,3.0220625,3.0979375,gap1,False,1.127563635958014
ab123_example/audio/synthetic_00001.wav,3.0979375,3.291,dash,True,2.8690643092869066
ab123_example/audio/synthetic_00001.wav,3.291,3.7704375,gap7,False,7.124827554723166
ab123_example/audio/synthetic_00001.wav,3.7704375,3.9635,dash,True,2.8690643092869066
ab123_example/audio/synthetic_00001.wav,3.9635,4.0394375,gap1,False,1.1284924363171225
ab123_example/audio/synthetic_00001.wav,4.0394375,4.0980625,dot,True,0.8712147368440007
ab123_example/audio/synthetic_00001.wav,4.0980625,4.1739375,gap1,False,1.127563635958014
ab123_example/audio/synthetic_00001.wav,4.1739375,4.2325625,dot,True,0.8712147368440007
ab123_example/audio/synthetic_00001.wav,4.2325625,4.3084375,gap1,False,1.127563635958014
ab123_example/audio/synthetic_00001.wav,4.3084375,4.3670625,dot,True,0.8712147368440007
ab123_example/audio/synthetic_00001.wav,4.3670625,4.5774375,gap3,False,3.1263420087600284
ab123_example/audio/synthetic_00001.wav,4.5774375,4.6360625,dot,True,0.8712147368440007
ab123_example/audio/synthetic_00001.wav,4.6360625,4.7119375,gap1,False,1.127563635958014
ab123_example/audio/synthetic_00001.wav,4.7119375,4.905,dash,True,2.8690643092869066
ab123_example/audio/synthetic_00001.wav,4.905,4.9809375,gap1,False,1.1284924363171225
ab123_example/audio/synthetic_00001.wav,4.9809375,5.0395625,dot,True,0.8712147368440007
ab123_example/audio/synthetic_00001.wav,5.0395625,5.2499375,gap3,False,3.1263420087600284
ab123_example/audio/synthetic_00001.wav,5.2499375,5.3085625,dot,True,0.8712147368440007
ab123_example/audio/synthetic_00001.wav,5.3085625,5.3844375,gap1,False,1.127563635958014
ab123_example/audio/synthetic_00001.wav,5.3844375,5.5775,dash,True,2.8690643092869066
ab123_example/audio/synthetic_00001.wav,5.5775,5.7879375,gap3,False,3.1272708091191372
ab123_example/audio/synthetic_00001.wav,5.7879375,5.8465625,dot,True,0.8712147368440007
ab123_example/audio/synthetic_00001.wav,5.8465625,5.9224375,gap1,False,1.127563635958014
ab123_example/audio/synthetic_00001.wav,5.9224375,5.9810625,dot,True,0.8712147368440007
ab123_example/audio/synthetic_00001.wav,5.9810625,6.0569375,gap1,False,1.127563635958014
ab123_example/audio/synthetic_00001.wav,6.0569375,6.1155625,dot,True,0.8712147368440007
ab123_example/audio/synthetic_00001.wav,6.1155625,6.1914375,gap1,False,1.127563635958014
ab123_example/audio/synthetic_00001.wav,6.1914375,6.3845,dash,True,2.8690643092869066
ab123_example/audio/synthetic_00001.wav,6.3845,6.5949375,gap3,False,3.1272708091191372
ab123_example/audio/synthetic_00001.wav,6.5949375,6.788,dash,True,2.8690643092869066
ab123_example/audio/synthetic_00001.wav,6.788,6.8639375,gap1,False,1.1284924363171225
ab123_example/audio/synthetic_00001.wav,6.8639375,7.057,dash,True,2.8690643092869066
ab123_example/audio/synthetic_00001.wav,7.057,7.1329375,gap1,False,1.1284924363171225
ab123_example/audio/synthetic_00001.wav,7.1329375,7.326,dash,True,2.8690643092869066
ab123_example/audio/synthetic_00001.wav,7.326,7.8054375,gap7,False,7.124827554723166
ab123_example/audio/synthetic_00001.wav,7.8054375,7.8640625,dot,True,0.8712147368440007
ab123_example/audio/synthetic_00001.wav,7.8640625,7.9399375,gap1,False,1.127563635958014
ab123_example/audio/synthetic_00001.wav,7.9399375,8.133,dash,True,2.8690643092869066
ab123_example/audio/synthetic_00001.wav,8.133,8.2089375,gap1,False,1.1284924363171225
ab123_example/audio/synthetic_00001.wav,8.2089375,8.402,dash,True,2.8690643092869066
ab123_example/audio/synthetic_00001.wav,8.402,8.4779375,gap1,False,1.1284924363171225
ab123_example/audio/synthetic_00001.wav,8.4779375,8.671,dash,True,2.8690643092869066
ab123_example/audio/synthetic_00001.wav,8.671,8.7469375,gap1,False,1.1284924363171225
ab123_example/audio/synthetic_00001.wav,8.7469375,8.94,dash,True,2.8690643092869066
ab123_example/audio/synthetic_00001.wav,8.94,9.1504375,gap3,False,3.1272708091191372
ab123_example/audio/synthetic_00001.wav,9.1504375,9.2090625,dot,True,0.8712147368440007
ab123_example/audio/synthetic_00001.wav,9.2090625,9.2849375,gap1,False,1.127563635958014
ab123_example/audio/synthetic_00001.wav,9.2849375,9.3435625,dot,True,0.8712147368440007
ab123_example/audio/synthetic_00001.wav,9.3435625,9.4194375,gap1,False,1.127563635958014
ab123_example/audio/synthetic_00001.wav,9.4194375,9.6125,dash,True,2.8690643092869066
ab123_example/audio/synthetic_00001.wav,9.6125,9.6884375,gap1,False,1.1284924363171225
ab123_example/audio/synthetic_00001.wav,9.6884375,9.8815,dash,True,2.8690643092869066
ab123_example/audio/synthetic_00001.wav,9.8815,9.9574375,gap1,False,1.1284924363171225
ab123_example/audio/synthetic_00001.wav,9.9574375,10.1505,dash,True,2.8690643092869066
ab123_example/audio/synthetic_00001.wav,10.1505,10.3609375,gap3,False,3.1272708091191372
ab123_example/audio/synthetic_00001.wav,10.3609375,10.4195625,dot,True,0.8712147368440007
ab123_example/audio/synthetic_00001.wav,10.4195625,10.4954375,gap1,False,1.127563635958014
ab123_example/audio/synthetic_00001.wav,10.4954375,10.5540625,dot,True,0.8712147368440007
ab123_example/audio/synthetic_00001.wav,10.5540625,10.6299375,gap1,False,1.127563635958014
ab123_example/audio/synthetic_00001.wav,10.6299375,10.6885625,dot,True,0.8712147368440007
ab123_example/audio/synthetic_00001.wav,10.6885625,10.7644375,gap1,False,1.127563635958014
ab123_example/audio/synthetic_00001.wav,10.7644375,10.9575,dash,True,2.8690643092869066
ab123_example/audio/synthetic_00001.wav,10.9575,11.0334375,gap1,False,1.1284924363171225
ab123_example/audio/synthetic_00001.wav,11.0334375,11.23075,dash,True,2.932222733706301
ab123_example/audio/synthetic_00000.wav,0.0,0.0463125,dot,True,0.9276138030595691
ab123_example/audio/synthetic_00000.wav,0.0463125,0.1033125,gap1,False,1.1416785268425467
ab123_example/audio/synthetic_00000.wav,0.1033125,0.245875,dash,True,2.8554481575963253
ab123_example/audio/synthetic_00000.wav,0.245875,0.4025625,gap3,False,3.1383641083270444
ab123_example/audio/synthetic_00000.wav,0.4025625,0.4453125,dot,True,0.85625889513191
ab123_example/audio/synthetic_00000.wav,0.4453125,0.5023125,gap1,False,1.1416785268425467
ab123_example/audio/synthetic_00000.wav,0.5023125,0.644875,dash,True,2.8554481575963253
ab123_example/audio/synthetic_00000.wav,0.644875,0.7018125,gap1,False,1.1404266863525876
ab123_example/audio/synthetic_00000.wav,0.7018125,0.7445625,dot,True,0.85625889513191
ab123_example/audio/synthetic_00000.wav,0.7445625,0.8015625,gap1,False,1.1416785268425467
ab123_example/audio/synthetic_00000.wav,0.8015625,0.8443125,dot,True,0.85625889513191
ab123_example/audio/synthetic_00000.wav,0.8443125,1.0010625,gap3,False,3.1396159488170032
ab123_example/audio/synthetic_00000.wav,1.0010625,1.0438125,dot,True,0.85625889513191
ab123_example/audio/synthetic_00000.wav,1.0438125,1.1008125,gap1,False,1.1416785268425467
ab123_example/audio/synthetic_00000.wav,1.1008125,1.243375,dash,True,2.8554481575963253
ab123_example/audio/synthetic_00000.wav,1.243375,1.3003125,gap1,False,1.1404266863525876
ab123_example/audio/synthetic_00000.wav,1.3003125,1.442875,dash,True,2.8554481575963253
ab123_example/audio/synthetic_00000.wav,1.442875,1.4998125,gap1,False,1.1404266863525876
ab123_example/audio/synthetic_00000.wav,1.4998125,1.5425625,dot,True,0.85625889513191
ab123_example/audio/synthetic_00000.wav,1.5425625,1.6993125,gap3,False,3.1396159488170032
ab123_example/audio/synthetic_00000.wav,1.6993125,1.7420625,dot,True,0.85625889513191
ab123_example/audio/synthetic_00000.wav,1.7420625,1.7990625,gap1,False,1.1416785268425467
ab123_example/audio/synthetic_00000.wav,1.7990625,1.8418125,dot,True,0.85625889513191
ab123_example/audio/synthetic_00000.wav,1.8418125,1.8988125,gap1,False,1.1416785268425467
ab123_example/audio/synthetic_00000.wav,1.8988125,1.9415625,dot,True,0.85625889513191
ab123_example/audio/synthetic_00000.wav,1.9415625,1.9985625,gap1,False,1.1416785268425467
ab123_example/audio/synthetic_00000.wav,1.9985625,2.0413125,dot,True,0.85625889513191
ab123_example/audio/synthetic_00000.wav,2.0413125,2.1980625,gap3,False,3.1396159488170032
ab123_example/audio/synthetic_00000.wav,2.1980625,2.2408125,dot,True,0.85625889513191
ab123_example/audio/synthetic_00000.wav,2.2408125,2.2978125,gap1,False,1.1416785268425467
ab123_example/audio/synthetic_00000.wav,2.2978125,2.440375,dash,True,2.8554481575963253
ab123_example/audio/synthetic_00000.wav,2.440375,2.7965625,gap7,False,7.1342389522759575
ab123_example/audio/synthetic_00000.wav,2.7965625,2.939125,dash,True,2.8554481575963253
ab123_example/audio/synthetic_00000.wav,2.939125,2.9960625,gap1,False,1.1404266863525876
ab123_example/audio/synthetic_00000.wav,2.9960625,3.0388125,dot,True,0.85625889513191
ab123_example/audio/synthetic_00000.wav,3.0388125,3.0958125,gap1,False,1.1416785268425467
ab123_example/audio/synthetic_00000.wav,3.0958125,3.1385625,dot,True,0.85625889513191
ab123_example/audio/synthetic_00000.wav,3.1385625,3.1955625,gap1,False,1.1416785268425467
ab123_example/audio/synthetic_00000.wav,3.1955625,3.2383125,dot,True,0.85625889513191
ab123_example/audio/synthetic_00000.wav,3.2383125,3.3950625,gap3,False,3.1396159488170032
ab123_example/audio/synthetic_00000.wav,3.3950625,3.4378125,dot,True,0.85625889513191
ab123_example/audio/synthetic_00000.wav,3.4378125,3.4948125,gap1,False,1.1416785268425467
ab123_example/audio/synthetic_00000.wav,3.4948125,3.637375,dash,True,2.8554481575963253
ab123_example/audio/synthetic_00000.wav,3.637375,3.6943125,gap1,False,1.1404266863525876
ab123_example/audio/synthetic_00000.wav,3.6943125,3.7370625,dot,True,0.85625889513191
ab123_example/audio/synthetic_00000.wav,3.7370625,3.8938125,gap3,False,3.1396159488170032
ab123_example/audio/synthetic_00000.wav,3.8938125,3.9365625,dot,True,0.85625889513191
ab123_example/audio/synthetic_00000.wav,3.9365625,3.9935625,gap1,False,1.1416785268425467
ab123_example/audio/synthetic_00000.wav,3.9935625,4.136125,dash,True,2.8554481575963253
ab123_example/audio/synthetic_00000.wav,4.136125,4.2928125,gap3,False,3.1383641083270444
ab123_example/audio/synthetic_00000.wav,4.2928125,4.3355625,dot,True,0.85625889513191
ab123_example/audio/synthetic_00000.wav,4.3355625,4.3925625,gap1,False,1.1416785268425467
ab123_example/audio/synthetic_00000.wav,4.3925625,4.4353125,dot,True,0.85625889513191
ab123_example/audio/synthetic_00000.wav,4.4353125,4.4923125,gap1,False,1.1416785268425467
ab123_example/audio/synthetic_00000.wav,4.4923125,4.5350625,dot,True,0.85625889513191
ab123_example/audio/synthetic_00000.wav,4.5350625,4.5920625,gap1,False,1.1416785268425467
ab123_example/audio/synthetic_00000.wav,4.5920625,4.734625,dash,True,2.8554481575963253
ab123_example/audio/synthetic_00000.wav,4.734625,4.8913125,gap3,False,3.1383641083270444
ab123_example/audio/synthetic_00000.wav,4.8913125,5.033875,dash,True,2.8554481575963253
ab123_example/audio/synthetic_00000.wav,5.033875,5.0908125,gap1,False,1.1404266863525876
ab123_example/audio/synthetic_00000.wav,5.0908125,5.233375,dash,True,2.8554481575963253
ab123_example/audio/synthetic_00000.wav,5.233375,5.2903125,gap1,False,1.1404266863525876
ab123_example/audio/synthetic_00000.wav,5.2903125,5.432875,dash,True,2.8554481575963253
ab123_example/audio/synthetic_00000.wav,5.432875,5.7890625,gap7,False,7.1342389522759575
ab123_example/audio/synthetic_00000.wav,5.7890625,5.8318125,dot,True,0.85625889513191
ab123_example/audio/synthetic_00000.wav,5.8318125,5.8888125,gap1,False,1.1416785268425467
ab123_example/audio/synthetic_00000.wav,5.8888125,6.031375,dash,True,2.8554481575963253
ab123_example/audio/synthetic_00000.wav,6.031375,6.0883125,gap1,False,1.1404266863525876
ab123_example/audio/synthetic_00000.wav,6.0883125,6.230875,dash,True,2.8554481575963253
ab123_example/audio/synthetic_00000.wav,6.230875,6.2878125,gap1,False,1.1404266863525876
ab123_example/audio/synthetic_00000.wav,6.2878125,6.430375,dash,True,2.8554481575963253
ab123_example/audio/synthetic_00000.wav,6.430375,6.4873125,gap1,False,1.1404266863525876
ab123_example/audio/synthetic_00000.wav,6.4873125,6.629875,dash,True,2.8554481575963253
ab123_example/audio/synthetic_00000.wav,6.629875,6.7865625,gap3,False,3.1383641083270444
ab123_example/audio/synthetic_00000.wav,6.7865625,6.8293125,dot,True,0.85625889513191
ab123_example/audio/synthetic_00000.wav,6.8293125,6.8863125,gap1,False,1.1416785268425467
ab123_example/audio/synthetic_00000.wav,6.8863125,6.9290625,dot,True,0.85625889513191
ab123_example/audio/synthetic_00000.wav,6.9290625,6.9860625,gap1,False,1.1416785268425467
ab123_example/audio/synthetic_00000.wav,6.9860625,7.128625,dash,True,2.8554481575963253
ab123_example/audio/synthetic_00000.wav,7.128625,7.1855625,gap1,False,1.1404266863525876
ab123_example/audio/synthetic_00000.wav,7.1855625,7.328125,dash,True,2.8554481575963253
ab123_example/audio/synthetic_00000.wav,7.328125,7.3850625,gap1,False,1.1404266863525876
ab123_example/audio/synthetic_00000.wav,7.3850625,7.527625,dash,True,2.8554481575963253
ab123_example/audio/synthetic_00000.wav,7.527625,7.6843125,gap3,False,3.1383641083270444
ab123_example/audio/synthetic_00000.wav,7.6843125,7.7270625,dot,True,0.85625889513191
ab123_example/audio/synthetic_00000.wav,7.7270625,7.7840625,gap1,False,1.1416785268425467
ab123_example/audio/synthetic_00000.wav,7.7840625,7.8268125,dot,True,0.85625889513191
ab123_example/audio/synthetic_00000.wav,7.8268125,7.8838125,gap1,False,1.1416785268425467
ab123_example/audio/synthetic_00000.wav,7.8838125,7.9265625,dot,True,0.85625889513191
ab123_example/audio/synthetic_00000.wav,7.9265625,7.9835625,gap1,False,1.1416785268425467
ab123_example/audio/synthetic_00000.wav,7.9835625,8.126125,dash,True,2.8554481575963253
ab123_example/audio/synthetic_00000.wav,8.126125,8.1830625,gap1,False,1.1404266863525876
ab123_example/audio/synthetic_00000.wav,8.1830625,8.329125,dash,True,2.9255512250340256
ab123_example/audio/synthetic_00008.wav,0.0,0.048875,dot,True,0.9235848136889155
ab123_example/audio/synthetic_00008.wav,0.048875,0.1096875,gap1,False,1.1491662707408117
ab123_example/audio/synthetic_00008.wav,0.1096875,0.2606875,dash,True,2.853428273494143
ab123_example/audio/synthetic_00008.wav,0.2606875,0.4269375,gap3,False,3.141605632241068
ab123_example/audio/synthetic_00008.wav,0.4269375,0.471875,dot,True,0.8491783645042587
ab123_example/audio/synthetic_00008.wav,0.471875,0.5326875,gap1,False,1.1491662707408117
ab123_example/audio/synthetic_00008.wav,0.5326875,0.6836875,dash,True,2.853428273494143
ab123_example/audio/synthetic_00008.wav,0.6836875,0.7441875,gap1,False,1.1432609969959977
ab123_example/audio/synthetic_00008.wav,0.7441875,0.789125,dot,True,0.8491783645042587
ab123_example/audio/synthetic_00008.wav,0.789125,0.8499375,gap1,False,1.1491662707408117
ab123_example/audio/synthetic_00008.wav,0.8499375,0.894875,dot,True,0.8491783645042587
ab123_example/audio/synthetic_00008.wav,0.894875,1.0614375,gap3,False,3.1475109059858823
ab123_example/audio/synthetic_00008.wav,1.0614375,1.106375,dot,True,0.8491783645042587
ab123_example/audio/synthetic_00008.wav,1.106375,1.1671875,gap1,False,1.1491662707408117
ab123_example/audio/synthetic_00008.wav,1.1671875,1.3181875,dash,True,2.853428273494143
ab123_example/audio/synthetic_00008.wav,1.3181875,1.3786875,gap1,False,1.1432609969959977
ab123_example/audio/synthetic_00008.wav,1.3786875,1.5296875,dash,True,2.853428273494143
ab123_example/audio/synthetic_00008.wav,1.5296875,1.5901875,gap1,False,1.1432609969959977
ab123_example/audio/synthetic_00008.wav,1.5901875,1.635125,dot,True,0.8491783645042587
ab123_example/audio/synthetic_00008.wav,1.635125,1.8016875,gap3,False,3.1475109059858823
ab123_example/audio/synthetic_00008.wav,1.8016875,1.846625,dot,True,0.8491783645042587
ab123_example/audio/synthetic_00008.wav,1.846625,1.9074375,gap1,False,1.1491662707408117
ab123_example/audio/synthetic_00008.wav,1.9074375,1.952375,dot,True,0.8491783645042587
ab123_example/audio/synthetic_00008.wav,1.952375,2.0131875,gap1,False,1.1491662707408117
ab123_example/audio/synthetic_00008.wav,2.0131875,2.058125,dot,True,0.8491783645042587
ab123_example/audio/synthetic_00008.wav,2.058125,2.1189375,gap1,False,1.1491662707408117
ab123_example/audio/synthetic_00008.wav,2.1189375,2.163875,dot,True,0.8491783645042587
ab123_example/audio/synthetic_00008.wav,2.163875,2.3304375,gap3,False,3.1475109059858823
ab123_example/audio/synthetic_00008.wav,2.3304375,2.375375,dot,True,0.8491783645042587
ab123_example/audio/synthetic_00008.wav,2.375375,2.4361875,gap1,False,1.1491662707408117
ab123_example/audio/synthetic_00008.wav,2.4361875,2.5871875,dash,True,2.853428273494143
ab123_example/audio/synthetic_00008.wav,2.5871875,2.9649375,gap7,False,7.138294902731209
ab123_example/audio/synthetic_00008.wav,2.9649375,3.1159375,dash,True,2.853428273494143
ab123_example/audio/synthetic_00008.wav,3.1159375,3.1764375,gap1,False,1.1432609969959977
ab123_example/audio/synthetic_00008.wav,3.1764375,3.221375,dot,True,0.8491783645042587
ab123_example/audio/synthetic_00008.wav,3.221375,3.2821875,gap1,False,1.1491662707408117
ab123_example/audio/synthetic_00008.wav,3.2821875,3.327125,dot,True,0.8491783645042587
ab123_example/audio/synthetic_00008.wav,3.327125,3.3879375,gap1,False,1.1491662707408117
ab123_example/audio/synthetic_00008.wav,3.3879375,3.432875,dot,True,0.8491783645042587
ab123_example/audio/synthetic_00008.wav,3.432875,3.5994375,gap3,False,3.1475109059858823
ab123_example/audio/synthetic_00008.wav,3.5994375,3.644375,dot,True,0.8491783645042587
ab123_example/audio/synthetic_00008.wav,3.644375,3.7051875,gap1,False,1.1491662707408117
ab123_example/audio/synthetic_00008.wav,3.7051875,3.8561875,dash,True,2.853428273494143
ab123_example/audio/synthetic_00008.wav,3.8561875,3.9166875,gap1,False,1.1432609969959977
ab123_example/audio/synthetic_00008.wav,3.9166875,3.961625,dot,True,0.8491783645042587
ab123_example/audio/synthetic_00008.wav,3.961625,4.1281875,gap3,False,3.1475109059858823
ab123_example/audio/synthetic_00008.wav,4.1281875,4.173125,dot,True,0.8491783645042587
ab123_example/audio/synthetic_00008.wav,4.173125,4.2339375,gap1,False,1.1491662707408117
ab123_example/audio/synthetic_00008.wav,4.2339375,4.3849375,dash,True,2.853428273494143
ab123_example/audio/synthetic_00008.wav,4.3849375,4.5511875,gap3,False,3.141605632241068
ab123_example/audio/synthetic_00008.wav,4.5511875,4.596125,dot,True,0.8491783645042587
ab123_example/audio/synthetic_00008.wav,4.596125,4.6569375,gap1,False,1.1491662707408117
ab123_example/audio/synthetic_00008.wav,4.6569375,4.701875,dot,True,0.8491783645042587
ab123_example/audio/synthetic_00008.wav,4.701875,4.7626875,gap1,False,1.1491662707408117
ab123_example/audio/synthetic_00008.wav,4.7626875,4.807625,dot,True,0.8491783645042587
ab123_example/audio/synthetic_00008.wav,4.807625,4.8684375,gap1,False,1.1491662707408117
ab123_example/audio/synthetic_00008.wav,4.8684375,5.0194375,dash,True,2.853428273494143
ab123_example/audio/synthetic_00008.wav,5.0194375,5.1856875,gap3,False,3.141605632241068
ab123_example/audio/synthetic_00008.wav,5.1856875,5.3366875,dash,True,2.853428273494143
ab123_example/audio/synthetic_00008.wav,5.3366875,5.3971875,gap1,False,1.1432609969959977
ab123_example/audio/synthetic_00008.wav,5.3971875,5.5481875,dash,True,2.853428273494143
ab123_example/audio/synthetic_00008.wav,5.5481875,5.6086875,gap1,False,1.1432609969959977
ab123_example/audio/synthetic_00008.wav,5.6086875,5.7596875,dash,True,2.853428273494143
ab123_example/audio/synthetic_00008.wav,5.7596875,6.1374375,gap7,False,7.138294902731209
ab123_example/audio/synthetic_00008.wav,6.1374375,6.182375,dot,True,0.8491783645042587
ab123_example/audio/synthetic_00008.wav,6.182375,6.2431875,gap1,False,1.1491662707408117
ab123_example/audio/synthetic_00008.wav,6.2431875,6.3941875,dash,True,2.853428273494143
ab123_example/audio/synthetic_00008.wav,6.3941875,6.4546875,gap1,False,1.1432609969959977
ab123_example/audio/synthetic_00008.wav,6.4546875,6.6056875,dash,True,2.853428273494143
ab123_example/audio/synthetic_00008.wav,6.6056875,6.6661875,gap1,False,1.1432609969959977
ab123_example/audio/synthetic_00008.wav,6.6661875,6.8171875,dash,True,2.853428273494143
ab123_example/audio/synthetic_00008.wav,6.8171875,6.8776875,gap1,False,1.1432609969959977
ab123_example/audio/synthetic_00008.wav,6.8776875,7.0286875,dash,True,2.853428273494143
ab123_example/audio/synthetic_00008.wav,7.0286875,7.1949375,gap3,False,3.141605632241068
ab123_example/audio/synthetic_00008.wav,7.1949375,7.239875,dot,True,0.8491783645042587
ab123_example/audio/synthetic_00008.wav,7.239875,7.3006875,gap1,False,1.1491662707408117
ab123_example/audio/synthetic_00008.wav,7.3006875,7.345625,dot,True,0.8491783645042587
ab123_example/audio/synthetic_00008.wav,7.345625,7.4064375,gap1,False,1.1491662707408117
ab123_example/audio/synthetic_00008.wav,7.4064375,7.5574375,dash,True,2.853428273494143
ab123_example/audio/synthetic_00008.wav,7.5574375,7.6179375,gap1,False,1.1432609969959977
ab123_example/audio/synthetic_00008.wav,7.6179375,7.7689375,dash,True,2.853428273494143
ab123_example/audio/synthetic_00008.wav,7.7689375,7.8294375,gap1,False,1.1432609969959977
ab123_example/audio/synthetic_00008.wav,7.8294375,7.9804375,dash,True,2.853428273494143
ab123_example/audio/synthetic_00008.wav,7.9804375,8.1466875,gap3,False,3.141605632241068
ab123_example/audio/synthetic_00008.wav,8.1466875,8.191625,dot,True,0.8491783645042587
ab123_example/audio/synthetic_00008.wav,8.191625,8.2524375,gap1,False,1.1491662707408117
ab123_example/audio/synthetic_00008.wav,8.2524375,8.297375,dot,True,0.8491783645042587
ab123_example/audio/synthetic_00008.wav,8.297375,8.3581875,gap1,False,1.1491662707408117
ab123_example/audio/synthetic_00008.wav,8.3581875,8.403125,dot,True,0.8491783645042587
ab123_example/audio/synthetic_00008.wav,8.403125,8.4639375,gap1,False,1.1491662707408117
ab123_example/audio/synthetic_00008.wav,8.4639375,8.6149375,dash,True,2.853428273494143
ab123_example/audio/synthetic_00008.wav,8.6149375,8.6754375,gap1,False,1.1432609969959977
ab123_example/audio/synthetic_00008.wav,8.6754375,8.830125,dash,True,2.9231105036829486
ab123_example/audio/synthetic_00005.wav,0.0,0.039375,dot,True,0.9203951906891265
ab123_example/audio/synthetic_00005.wav,0.039375,0.0888125,gap1,False,1.1556072949763476
ab123_example/audio/synthetic_00005.wav,0.0888125,0.2105,dash,True,2.8444594226535385
ab123_example/audio/synthetic_00005.wav,0.2105,0.3453125,gap3,False,3.151257819549914
ab123_example/audio/synthetic_00005.wav,0.3453125,0.381375,dot,True,0.8429651190914698
ab123_example/audio/synthetic_00005.wav,0.381375,0.4308125,gap1,False,1.1556072949763476
ab123_example/audio/synthetic_00005.wav,0.4308125,0.5525,dash,True,2.8444594226535385
ab123_example/audio/synthetic_00005.wav,0.5525,0.6018125,gap1,False,1.1526854054820965
ab123_example/audio/synthetic_00005.wav,0.6018125,0.637875,dot,True,0.8429651190914698
ab123_example/audio/synthetic_00005.wav,0.637875,0.6873125,gap1,False,1.1556072949763476
ab123_example/audio/synthetic_00005.wav,0.6873125,0.723375,dot,True,0.8429651190914698
ab123_example/audio/synthetic_00005.wav,0.723375,0.8583125,gap3,False,3.1541797090441652
ab123_example/audio/synthetic_00005.wav,0.8583125,0.894375,dot,True,0.8429651190914698
ab123_example/audio/synthetic_00005.wav,0.894375,0.9438125,gap1,False,1.1556072949763476
ab123_example/audio/synthetic_00005.wav,0.9438125,1.0655,dash,True,2.8444594226535385
ab123_example/audio/synthetic_00005.wav,1.0655,1.1148125,gap1,False,1.1526854054820965
ab123_example/audio/synthetic_00005.wav,1.1148125,1.2365,dash,True,2.8444594226535385
ab123_example/audio/synthetic_00005.wav,1.2365,1.2858125,gap1,False,1.1526854054820965
ab123_example/audio/synthetic_00005.wav,1.2858125,1.321875,dot,True,0.8429651190914698
ab123_example/audio/synthetic_00005.wav,1.321875,1.4568125,gap3,False,3.1541797090441652
ab123_example/audio/synthetic_00005.wav,1.4568125,1.492875,dot,True,0.8429651190914698
ab123_example/audio/synthetic_00005.wav,1.492875,1.5423125,gap1,False,1.1556072949763476
ab123_example/audio/synthetic_00005.wav,1.5423125,1.578375,dot,True,0.8429651190914698
ab123_example/audio/synthetic_00005.wav,1.578375,1.6278125,gap1,False,1.1556072949763476
ab123_example/audio/synthetic_00005.wav,1.6278125,1.663875,dot,True,0.8429651190914698
ab123_example/audio/synthetic_00005.wav,1.663875,1.7133125,gap1,False,1.1556072949763476
ab123_example/audio/synthetic_00005.wav,1.7133125,1.749375,dot,True,0.8429651190914698
ab123_example/audio/synthetic_00005.wav,1.749375,1.8843125,gap3,False,3.1541797090441652
ab123_example/audio/synthetic_00005.wav,1.8843125,1.920375,dot,True,0.8429651190914698
ab123_example/audio/synthetic_00005.wav,1.920375,1.9698125,gap1,False,1.1556072949763476
ab123_example/audio/synthetic_00005.wav,1.9698125,2.0915,dash,True,2.8444594226535385
ab123_example/audio/synthetic_00005.wav,2.0915,2.3973125,gap7,False,7.148402647685549
ab123_example/audio/synthetic_00005.wav,2.3973125,2.519,dash,True,2.8444594226535385
ab123_example/audio/synthetic_00005.wav,2.519,2.5683125,gap1,False,1.1526854054820965
ab123_example/audio/synthetic_00005.wav,2.5683125,2.604375,dot,True,0.8429651190914698
ab123_example/audio/synthetic_00005.wav,2.604375,2.6538125,gap1,False,1.1556072949763476
ab123_example/audio/synthetic_00005.wav,2.6538125,2.689875,dot,True,0.8429651190914698
ab123_example/audio/synthetic_00005.wav,2.689875,2.7393125,gap1,False,1.1556072949763476
ab123_example/audio/synthetic_00005.wav,2.7393125,2.775375,dot,True,0.8429651190914698
ab123_example/audio/synthetic_00005.wav,2.775375,2.9103125,gap3,False,3.1541797090441652
ab123_example/audio/synthetic_00005.wav,2.9103125,2.946375,dot,True,0.8429651190914698
ab123_example/audio/synthetic_00005.wav,2.946375,2.9958125,gap1,False,1.1556072949763476
ab123_example/audio/synthetic_00005.wav,2.9958125,3.1175,dash,True,2.8444594226535385
ab123_example/audio/synthetic_00005.wav,3.1175,3.1668125,gap1,False,1.1526854054820965
ab123_example/audio/synthetic_00005.wav,3.1668125,3.202875,dot,True,0.8429651190914698
ab123_example/audio/synthetic_00005.wav,3.202875,3.3378125,gap3,False,3.1541797090441652
ab123_example/audio/synthetic_00005.wav,3.3378125,3.373875,dot,True,0.8429651190914698
ab123_example/audio/synthetic_00005.wav,3.373875,3.4233125,gap1,False,1.1556072949763476
ab123_example/audio/synthetic_00005.wav,3.4233125,3.545,dash,True,2.8444594226535385
ab123_example/audio/synthetic_00005.wav,3.545,3.6798125,gap3,False,3.151257819549914
ab123_example/audio/synthetic_00005.wav,3.6798125,3.715875,dot,True,0.8429651190914698
ab123_example/audio/synthetic_00005.wav,3.715875,3.7653125,gap1,False,1.1556072949763476
ab123_example/audio/synthetic_00005.wav,3.7653125,3.801375,dot,True,0.8429651190914698
ab123_example/audio/synthetic_00005.wav,3.801375,3.8508125,gap1,False,1.1556072949763476
ab123_example/audio/synthetic_00005.wav,3.8508125,3.886875,dot,True,0.8429651190914698
ab123_example/audio/synthetic_00005.wav,3.886875,3.9363125,gap1,False,1.1556072949763476
ab123_example/audio/synthetic_00005.wav,3.9363125,4.058,dash,True,2.8444594226535385
ab123_example/audio/synthetic_00005.wav,4.058,4.1928125,gap3,False,3.151257819549914
ab123_example/audio/synthetic_00005.wav,4.1928125,4.3145,dash,True,2.8444594226535385
ab123_example/audio/synthetic_00005.wav,4.3145,4.3638125,gap1,False,1.1526854054820965
ab123_example/audio/synthetic_00005.wav,4.3638125,4.4855,dash,True,2.8444594226535385
ab123_example/audio/synthetic_00005.wav,4.4855,4.5348125,gap1,False,1.1526854054820965
ab123_example/audio/synthetic_00005.wav,4.5348125,4.6565,dash,True,2.8444594226535385
ab123_example/audio/synthetic_00005.wav,4.6565,4.9623125,gap7,False,7.148402647685549
ab123_example/audio/synthetic_00005.wav,4.9623125,4.998375,dot,True,0.8429651190914698
ab123_example/audio/synthetic_00005.wav,4.998375,5.0478125,gap1,False,1.1556072949763476
ab123_example/audio/synthetic_00005.wav,5.0478125,5.1695,dash,True,2.8444594226535385
ab123_example/audio/synthetic_00005.wav,5.1695,5.2188125,gap1,False,1.1526854054820965
ab123_example/audio/synthetic_00005.wav,5.2188125,5.3405,dash,True,2.8444594226535385
ab123_example/audio/synthetic_00005.wav,5.3405,5.3898125,gap1,False,1.1526854054820965
ab123_example/audio/synthetic_00005.wav,5.3898125,5.5115,dash,True,2.8444594226535385
ab123_example/audio/synthetic_00005.wav,5.5115,5.5608125,gap1,False,1.1526854054820965
ab123_example/audio/synthetic_00005.wav,5.5608125,5.6825,dash,True,2.8444594226535385
ab123_example/audio/synthetic_00005.wav,5.6825,5.8173125,gap3,False,3.151257819549914
ab123_example/audio/synthetic_00005.wav,5.8173125,5.853375,dot,True,0.8429651190914698
ab123_example/audio/synthetic_00005.wav,5.853375,5.9028125,gap1,False,1.1556072949763476
ab123_example/audio/synthetic_00005.wav,5.9028125,5.938875,dot,True,0.8429651190914698
ab123_example/audio/synthetic_00005.wav,5.938875,5.9883125,gap1,False,1.1556072949763476
ab123_example/audio/synthetic_00005.wav,5.9883125,6.11,dash,True,2.8444594226535385
ab123_example/audio/synthetic_00005.wav,6.11,6.1593125,gap1,False,1.1526854054820965
ab123_example/audio/synthetic_00005.wav,6.1593125,6.281,dash,True,2.8444594226535385
ab123_example/audio/synthetic_00005.wav,6.281,6.3303125,gap1,False,1.1526854054820965
ab123_example/audio/synthetic_00005.wav,6.3303125,6.452,dash,True,2.8444594226535385
ab123_example/audio/synthetic_00005.wav,6.452,6.5868125,gap3,False,3.151257819549914
ab123_example/audio/synthetic_00005.wav,6.5868125,6.622875,dot,True,0.8429651190914698
ab123_example/audio/synthetic_00005.wav,6.622875,6.6723125,gap1,False,1.1556072949763476
ab123_example/audio/synthetic_00005.wav,6.6723125,6.708375,dot,True,0.8429651190914698
ab123_example/audio/synthetic_00005.wav,6.708375,6.7578125,gap1,False,1.1556072949763476
ab123_example/audio/synthetic_00005.wav,6.7578125,6.793875,dot,True,0.8429651190914698
ab123_example/audio/synthetic_00005.wav,6.793875,6.8433125,gap1,False,1.1556072949763476
ab123_example/audio/synthetic_00005.wav,6.8433125,6.965,dash,True,2.8444594226535385
ab123_example/audio/synthetic_00005.wav,6.965,7.0143125,gap1,False,1.1526854054820965
ab123_example/audio/synthetic_00005.wav,7.0143125,7.13925,dash,True,2.9204285495040696
ab123_example/audio/synthetic_00002.wav,0.0,0.040125,dot,True,0.9213268809128466
ab123_example/audio/synthetic_00002.wav,0.040125,0.0903125,gap1,False,1.1523761454408346
ab123_example/audio/synthetic_00002.wav,0.0903125,0.2144375,dash,True,2.8500859587117033
ab123_example/audio/synthetic_00002.wav,0.2144375,0.3513125,gap3,False,3.142844033020458
ab123_example/audio/synthetic_00002.wav,0.3513125,0.388125,dot,True,0.8452671851365524
ab123_example/audio/synthetic_00002.wav,0.388125,0.4383125,gap1,False,1.1523761454408346
ab123_example/audio/synthetic_00002.wav,0.4383125,0.5624375,dash,True,2.8500859587117033
ab123_example/audio/synthetic_00002.wav,0.5624375,0.6123125,gap1,False,1.145200702443071
ab123_example/audio/synthetic_00002.wav,0.6123125,0.649125,dot,True,0.8452671851365524
ab123_example/audio/synthetic_00002.wav,0.649125,0.6993125,gap1,False,1.1523761454408346
ab123_example/audio/synthetic_00002.wav,0.6993125,0.736125,dot,True,0.8452671851365524
ab123_example/audio/synthetic_00002.wav,0.736125,0.8733125,gap3,False,3.1500194760182216
ab123_example/audio/synthetic_00002.wav,0.8733125,0.910125,dot,True,0.8452671851365524
ab123_example/audio/synthetic_00002.wav,0.910125,0.9603125,gap1,False,1.1523761454408346
ab123_example/audio/synthetic_00002.wav,0.9603125,1.0844375,dash,True,2.8500859587117033
ab123_example/audio/synthetic_00002.wav,1.0844375,1.1343125,gap1,False,1.145200702443071
ab123_example/audio/synthetic_00002.wav,1.1343125,1.2584375,dash,True,2.8500859587117033
ab123_example/audio/synthetic_00002.wav,1.2584375,1.3083125,gap1,False,1.145200702443071
ab123_example/audio/synthetic_00002.wav,1.3083125,1.345125,dot,True,0.8452671851365524
ab123_example/audio/synthetic_00002.wav,1.345125,1.4823125,gap3,False,3.1500194760182216
ab123_example/audio/synthetic_00002.wav,1.4823125,1.519125,dot,True,0.8452671851365524
ab123_example/audio/synthetic_00002.wav,1.519125,1.5693125,gap1,False,1.1523761454408346
ab123_example/audio/synthetic_00002.wav,1.5693125,1.606125,dot,True,0.8452671851365524
ab123_example/audio/synthetic_00002.wav,1.606125,1.6563125,gap1,False,1.1523761454408346
ab123_example/audio/synthetic_00002.wav,1.6563125,1.693125,dot,True,0.8452671851365524
ab123_example/audio/synthetic_00002.wav,1.693125,1.7433125,gap1,False,1.1523761454408346
ab123_example/audio/synthetic_00002.wav,1.7433125,1.780125,dot,True,0.8452671851365524
ab123_example/audio/synthetic_00002.wav,1.780125,1.9173125,gap3,False,3.1500194760182216
ab123_example/audio/synthetic_00002.wav,1.9173125,1.954125,dot,True,0.8452671851365524
ab123_example/audio/synthetic_00002.wav,1.954125,2.0043125,gap1,False,1.1523761454408346
ab123_example/audio/synthetic_00002.wav,2.0043125,2.1284375,dash,True,2.8500859587117033
ab123_example/audio/synthetic_00002.wav,2.1284375,2.4393125,gap7,False,7.138130694175232
ab123_example/audio/synthetic_00002.wav,2.4393125,2.5634375,dash,True,2.8500859587117033
ab123_example/audio/synthetic_00002.wav,2.5634375,2.6133125,gap1,False,1.145200702443071
ab123_example/audio/synthetic_00002.wav,2.6133125,2.650125,dot,True,0.8452671851365524
ab123_example/audio/synthetic_00002.wav,2.650125,2.7003125,gap1,False,1.1523761454408346
ab123_example/audio/synthetic_00002.wav,2.7003125,2.737125,dot,True,0.8452671851365524
ab123_example/audio/synthetic_00002.wav,2.737125,2.7873125,gap1,False,1.1523761454408346
ab123_example/audio/synthetic_00002.wav,2.7873125,2.824125,dot,True,0.8452671851365524
ab123_example/audio/synthetic_00002.wav,2.824125,2.9613125,gap3,False,3.1500194760182216
ab123_example/audio/synthetic_00002.wav,2.9613125,2.998125,dot,True,0.8452671851365524
ab123_example/audio/synthetic_00002.wav,2.998125,3.0483125,gap1,False,1.1523761454408346
ab123_example/audio/synthetic_00002.wav,3.0483125,3.1724375,dash,True,2.8500859587117033
ab123_example/audio/synthetic_00002.wav,3.1724375,3.2223125,gap1,False,1.145200702443071
ab123_example/audio/synthetic_00002.wav,3.2223125,3.259125,dot,True,0.8452671851365524
ab123_example/audio/synthetic_00002.wav,3.259125,3.3963125,gap3,False,3.1500194760182216
ab123_example/audio/synthetic_00002.wav,3.3963125,3.433125,dot,True,0.8452671851365524
ab123_example/audio/synthetic_00002.wav,3.433125,3.4833125,gap1,False,1.1523761454408346
ab123_example/audio/synthetic_00002.wav,3.4833125,3.6074375,dash,True,2.8500859587117033
ab123_example/audio/synthetic_00002.wav,3.6074375,3.7443125,gap3,False,3.142844033020458
ab123_example/audio/synthetic_00002.wav,3.7443125,3.781125,dot,True,0.8452671851365524
ab123_example/audio/synthetic_00002.wav,3.781125,3.8313125,gap1,False,1.1523761454408346
ab123_example/audio/synthetic_00002.wav,3.8313125,3.868125,dot,True,0.8452671851365524
ab123_example/audio/synthetic_00002.wav,3.868125,3.9183125,gap1,False,1.1523761454408346
ab123_example/audio/synthetic_00002.wav,3.9183125,3.955125,dot,True,0.8452671851365524
ab123_example/audio/synthetic_00002.wav,3.955125,4.0053125,gap1,False,1.1523761454408346
ab123_example/audio/synthetic_00002.wav,4.0053125,4.1294375,dash,True,2.8500859587117033
ab123_example/audio/synthetic_00002.wav,4.1294375,4.2663125,gap3,False,3.142844033020458
ab123_example/audio/synthetic_00002.wav,4.2663125,4.3904375,dash,True,2.8500859587117033
ab123_example/audio/synthetic_00002.wav,4.3904375,4.4403125,gap1,False,1.145200702443071
ab123_example/audio/synthetic_00002.wav,4.4403125,4.5644375,dash,True,2.8500859587117033
ab123_example/audio/synthetic_00002.wav,4.5644375,4.6143125,gap1,False,1.145200702443071
ab123_example/audio/synthetic_00002.wav,4.6143125,4.7384375,dash,True,2.8500859587117033
ab123_example/audio/synthetic_00002.wav,4.7384375,5.0493125,gap7,False,7.138130694175232
ab123_example/audio/synthetic_00002.wav,5.0493125,5.086125,dot,True,0.8452671851365524
ab123_example/audio/synthetic_00002.wav,5.086125,5.1363125,gap1,False,1.1523761454408346
ab123_example/audio/synthetic_00002.wav,5.1363125,5.2604375,dash,True,2.8500859587117033
ab123_example/audio/synthetic_00002.wav,5.2604375,5.3103125,gap1,False,1.145200702443071
ab123_example/audio/synthetic_00002.wav,5.3103125,5.4344375,dash,True,2.8500859587117033
ab123_example/audio/synthetic_00002.wav,5.4344375,5.4843125,gap1,False,1.145200702443071
ab123_example/audio/synthetic_00002.wav,5.4843125,5.6084375,dash,True,2.8500859587117033
ab123_example/audio/synthetic_00002.wav,5.6084375,5.6583125,gap1,False,1.145200702443071
ab123_example/audio/synthetic_00002.wav,5.6583125,5.7824375,dash,True,2.8500859587117033
ab123_example/audio/synthetic_00002.wav,5.7824375,5.9193125,gap3,False,3.142844033020458
ab123_example/audio/synthetic_00002.wav,5.9193125,5.956125,dot,True,0.8452671851365524
ab123_example/audio/synthetic_00002.wav,5.956125,6.0063125,gap1,False,1.1523761454408346
ab123_example/audio/synthetic_00002.wav,6.0063125,6.043125,dot,True,0.8452671851365524
ab123_example/audio/synthetic_00002.wav,6.043125,6.0933125,gap1,False,1.1523761454408346
ab123_example/audio/synthetic_00002.wav,6.0933125,6.2174375,dash,True,2.8500859587117033
ab123_example/audio/synthetic_00002.wav,6.2174375,6.2673125,gap1,False,1.145200702443071
ab123_example/audio/synthetic_00002.wav,6.2673125,6.3914375,dash,True,2.8500859587117033
ab123_example/audio/synthetic_00002.wav,6.3914375,6.4413125,gap1,False,1.145200702443071
ab123_example/audio/synthetic_00002.wav,6.4413125,6.5654375,dash,True,2.8500859587117033
ab123_example/audio/synthetic_00002.wav,6.5654375,6.7023125,gap3,False,3.142844033020458
ab123_example/audio/synthetic_00002.wav,6.7023125,6.739125,dot,True,0.8452671851365524
ab123_example/audio/synthetic_00002.wav,6.739125,6.7893125,gap1,False,1.1523761454408346
ab123_example/audio/synthetic_00002.wav,6.7893125,6.826125,dot,True,0.8452671851365524
ab123_example/audio/synthetic_00002.wav,6.826125,6.8763125,gap1,False,1.1523761454408346
ab123_example/audio/synthetic_00002.wav,6.8763125,6.913125,dot,True,0.8452671851365524
ab123_example/audio/synthetic_00002.wav,6.913125,6.9633125,gap1,False,1.1523761454408346
ab123_example/audio/synthetic_00002.wav,6.9633125,7.0874375,dash,True,2.8500859587117033
ab123_example/audio/synthetic_00002.wav,7.0874375,7.1373125,gap1,False,1.145200702443071
ab123_example/audio/synthetic_00002.wav,7.1373125,7.2645,dash,True,2.9204053000897865
